https://github.com/ukijumotahaneniarukenia	https://github.com/ukijumotahaneniarukenia
https://qiita.com/ukijumotahaneniarukenia	https://qiita.com/ukijumotahaneniarukenia
https://ukijumotahanen iarukenia.site/category/privilege/	https://ukijumotahanen iarukenia.site/category/privilege/
https://ukijumotahanenia rukenia.site/author/ukijumotahaneniarukenia/	https://ukijumotahanenia rukenia.site/author/ukijumotahaneniarukenia/
https://ukijumotahaneniarukenia.sit e/category/linux/	https://ukijumotahaneniarukenia.sit e/category/linux/
https://ukijumotahaneniarukenia.site/	https://ukijumotahaneniarukenia.site/
https://ukijumotahaneniarukenia.site/2018/12/19/sql-oracle-test/	https://ukijumotahaneniarukenia.site/2018/12/19/sql-oracle-test/
https://ukijumotahaneniarukenia.site/2018/12/23/docker-root-login/	https://ukijumotahaneniarukenia.site/2018/12/23/docker-root-login/
https://ukijumotahaneniarukenia.site/2018/12/24/docker-run-timezone-tzasia-tokyo/	https://ukijumotahaneniarukenia.site/2018/12/24/docker-run-timezone-tzasia-tokyo/
https://ukijumotahaneniarukenia.site/2018/12/24/oracle-12cr2-plugable-database-glogin-sql/	https://ukijumotahaneniarukenia.site/2018/12/24/oracle-12cr2-plugable-database-glogin-sql/
https://ukijumotahaneniarukenia.site/2018/12/25/sql-oracle-12cr2-dblink/	https://ukijumotahaneniarukenia.site/2018/12/25/sql-oracle-12cr2-dblink/
https://ukijumotahaneniarukenia.site/2018/12/25/sql-oracle-clone-pluggable-database/	https://ukijumotahaneniarukenia.site/2018/12/25/sql-oracle-clone-pluggable-database/
https://ukijumotahaneniarukenia.site/2018/12/26/osquery-install-docker/	https://ukijumotahaneniarukenia.site/2018/12/26/osquery-install-docker/
https://ukijumotahaneniarukenia.site/2018/12/27/docker-oracle-passwd-install/	https://ukijumotahaneniarukenia.site/2018/12/27/docker-oracle-passwd-install/
https://ukijumotahaneniarukenia.site/2018/12/27/epel-repo-install-rlwrap-install-sqlplus/	https://ukijumotahaneniarukenia.site/2018/12/27/epel-repo-install-rlwrap-install-sqlplus/
https://ukijumotahaneniarukenia.site/2018/12/27/sudo-package-install-docker-oracle/	https://ukijumotahaneniarukenia.site/2018/12/27/sudo-package-install-docker-oracle/
https://ukijumotahaneniarukenia.site/2018/12/27/sudo-user-add-docker-oracle/	https://ukijumotahaneniarukenia.site/2018/12/27/sudo-user-add-docker-oracle/
https://ukijumotahaneniarukenia.site/2018/12/28/escape-sequence-play/	https://ukijumotahaneniarukenia.site/2018/12/28/escape-sequence-play/
https://ukijumotahaneniarukenia.site/2018/12/28/ssh-centos7-enable/	https://ukijumotahaneniarukenia.site/2018/12/28/ssh-centos7-enable/
https://ukijumotahaneniarukenia.site/2018/12/29/docker-network/	https://ukijumotahaneniarukenia.site/2018/12/29/docker-network/
https://ukijumotahaneniarukenia.site/2018/12/30/docker-postfix-ssmtp-install-gmail/	https://ukijumotahaneniarukenia.site/2018/12/30/docker-postfix-ssmtp-install-gmail/
https://ukijumotahaneniarukenia.site/2018/12/30/gmail-sending-settings-centos7-cron/	https://ukijumotahaneniarukenia.site/2018/12/30/gmail-sending-settings-centos7-cron/
https://ukijumotahaneniarukenia.site/2019/01/03/非パーティションからパ% e3ティションへの移行-オ/	https://ukijumotahaneniarukenia.site/2019/01/03/%e9%9d%9e%e3%83%91%e3%83%bc%e3%83%86%e3%82%a3%e3%82%b7%e3%83%a7%e3%83%b3%e3%81%8b%e3%82%89%e3%83%91% e3%83%bc%e3%83%86%e3%82%a3%e3%82%b7%e3%83%a7%e3%83%b3%e3%81%b8%e3%81%ae%e7%a7%bb%e8%a1%8c-%e3%82%aa/
https://ukijumotahaneniarukenia.site/2019/01/03/非パーティションからパーティションへの移行-オ/	https://ukijumotahaneniarukenia.site/2019/01/03/%e9%9d%9e%e3%83%91%e3%83%bc%e3%83%86%e3%82%a3%e3%82%b7%e3%83%a7%e3%83%b3%e3%81%8b%e3%82%89%e3%83%91%e3%83%bc%e3%83%86%e3%82%a3%e3%82%b7%e3%83%a7%e3%83%b3%e3%81%b8%e3%81%ae%e7%a7%bb%e8%a1%8c-%e3%82%aa/
https://ukijumotahaneniarukenia.site/2019/01/04/自作マシンつくった-centos7/	https://ukijumotahaneniarukenia.site/2019/01/04/%e8%87%aa%e4%bd%9c%e3%83%9e%e3%82%b7%e3%83%b3%e3%81%a4%e3%81%8f%e3%81%a3%e3%81%9f-centos7/
https://ukijumotahaneniarukenia.site/2019/01/05/oracle-初期化パラメータの確認/	https://ukijumotahaneniarukenia.site/2019/01/05/oracle-%e5%88%9d%e6%9c%9f%e5%8c%96%e3%83%91%e3%83%a9%e3%83%a1%e3%83%bc%e3%82%bf%e3%81%ae%e7%a2%ba%e8%aa%8d/
https://ukijumotahaneniarukenia.site/2019/01/12/sql-oracle-sqlplus-バインド変数/	https://ukijumotahaneniarukenia.site/2019/01/12/sql-oracle-sqlplus-%e3%83%90%e3%82%a4%e3%83%b3%e3%83%89%e5%a4%89%e6%95%b0/
https://ukijumotahaneniarukenia.site/2019/01/13/docker-fileにしたいこと/	https://ukijumotahaneniarukenia.site/2019/01/13/docker-file%e3%81%ab%e3%81%97%e3%81%9f%e3%81%84%e3%81%93%e3%81%a8/
https://ukijumotahaneniarukenia.site/2019/01/13/sql-oracle-exists/	https://ukijumotahaneniarukenia.site/2019/01/13/sql-oracle-exists/
https://ukijumotahaneniarukenia.site/2019/01/13/sql-oracle-hash-join/	https://ukijumotahaneniarukenia.site/2019/01/13/sql-oracle-hash-join/
https://ukijumotahaneniarukenia.site/2019/01/13/sql-oracle-nested-loops/	https://ukijumotahaneniarukenia.site/2019/01/13/sql-oracle-nested-loops/
https://ukijumotahaneniarukenia.site/2019/01/13/sql-oracle-sort-merge/	https://ukijumotahaneniarukenia.site/2019/01/13/sql-oracle-sort-merge/
https://ukijumotahaneniarukenia.site/2019/01/14/索引の使用状況の監視/	https://ukijumotahaneniarukenia.site/2019/01/14/%e7%b4%a2%e5%bc%95%e3%81%ae%e4%bd%bf%e7%94%a8%e7%8a%b6%e6%b3%81%e3%81%ae%e7%9b%a3%e8%a6%96/
https://ukijumotahaneniarukenia.site/2019/01/14/sql-oracle-クライアントとサーバプロセス/	https://ukijumotahaneniarukenia.site/2019/01/14/sql-oracle-%e3%82%af%e3%83%a9%e3%82%a4%e3%82%a2%e3%83%b3%e3%83%88%e3%81%a8%e3%82%b5%e3%83%bc%e3%83%90%e3%83%97%e3%83%ad%e3%82%bb%e3%82%b9/
https://ukijumotahaneniarukenia.site/2019/01/14/sql-oracle-マルチテナントアーキテクチャ-用語/	https://ukijumotahaneniarukenia.site/2019/01/14/sql-oracle-%e3%83%9e%e3%83%ab%e3%83%81%e3%83%86%e3%83%8a%e3%83%b3%e3%83%88%e3%82%a2%e3%83%bc%e3%82%ad%e3%83%86%e3%82%af%e3%83%81%e3%83%a3-%e7%94%a8%e8%aa%9e/
https://ukijumotahaneniarukenia.site/2019/01/14/sql-oracle-listener-起動・停止/	https://ukijumotahaneniarukenia.site/2019/01/14/sql-oracle-listener-%e8%b5%b7%e5%8b%95%e3%83%bb%e5%81%9c%e6%ad%a2/
https://ukijumotahaneniarukenia.site/2019/01/14/sql-oracle-rac-用語/	https://ukijumotahaneniarukenia.site/2019/01/14/sql-oracle-rac-%e7%94%a8%e8%aa%9e/
https://ukijumotahaneniarukenia.site/2019/01/19/docker-うまくいかん/	https://ukijumotahaneniarukenia.site/2019/01/19/docker-%e3%81%86%e3%81%be%e3%81%8f%e3%81%84%e3%81%8b%e3%82%93/
https://ukijumotahaneniarukenia.site/2019/01/19/docker-oracle-12cr2-imageファイル作成/	https://ukijumotahaneniarukenia.site/2019/01/19/docker-oracle-12cr2-image%e3%83%95%e3%82%a1%e3%82%a4%e3%83%ab%e4%bd%9c%e6%88%90/
https://ukijumotahaneniarukenia.site/2019/01/19/docker-oracle-18cr3-imageファイル作成/	https://ukijumotahaneniarukenia.site/2019/01/19/docker-oracle-18cr3-image%e3%83%95%e3%82%a1%e3%82%a4%e3%83%ab%e4%bd%9c%e6%88%90/
https://ukijumotahaneniarukenia.site/2019/01/19/sql-oracle-静的サービス登録と動的サービス登録/	https://ukijumotahaneniarukenia.site/2019/01/19/sql-oracle-%e9%9d%99%e7%9a%84%e3%82%b5%e3%83%bc%e3%83%93%e3%82%b9%e7%99%bb%e9%8c%b2%e3%81%a8%e5%8b%95%e7%9a%84%e3%82%b5%e3%83%bc%e3%83%93%e3%82%b9%e7%99%bb%e9%8c%b2/
https://ukijumotahaneniarukenia.site/2019/01/20/docker内でdblinkしてみた！/	https://ukijumotahaneniarukenia.site/2019/01/20/docker%e5%86%85%e3%81%a7dblink%e3%81%97%e3%81%a6%e3%81%bf%e3%81%9f%ef%bc%81/
https://ukijumotahaneniarukenia.site/2019/01/20/docker-oracle-11cr2-imageファイル作成/	https://ukijumotahaneniarukenia.site/2019/01/20/docker-oracle-11cr2-image%e3%83%95%e3%82%a1%e3%82%a4%e3%83%ab%e4%bd%9c%e6%88%90/
https://ukijumotahaneniarukenia.site/2019/01/26/sql-oracle-statspack-インストールからレポートの作成まで/	https://ukijumotahaneniarukenia.site/2019/01/26/sql-oracle-statspack-%e3%82%a4%e3%83%b3%e3%82%b9%e3%83%88%e3%83%bc%e3%83%ab%e3%81%8b%e3%82%89%e3%83%ac%e3%83%9d%e3%83%bc%e3%83%88%e3%81%ae%e4%bd%9c%e6%88%90%e3%81%be%e3%81%a7/
https://ukijumotahaneniarukenia.site/2019/01/27/sqlトレースとtkprof/	https://ukijumotahaneniarukenia.site/2019/01/27/sql%e3%83%88%e3%83%ac%e3%83%bc%e3%82%b9%e3%81%a8tkprof/
https://ukijumotahaneniarukenia.site/2019/02/02/テーブルレイアウト-列ヘッダ固定-行ヘッダ固定/	https://ukijumotahaneniarukenia.site/2019/02/02/%e3%83%86%e3%83%bc%e3%83%96%e3%83%ab%e3%83%ac%e3%82%a4%e3%82%a2%e3%82%a6%e3%83%88-%e5%88%97%e3%83%98%e3%83%83%e3%83%80%e5%9b%ba%e5%ae%9a-%e8%a1%8c%e3%83%98%e3%83%83%e3%83%80%e5%9b%ba%e5%ae%9a/
https://ukijumotahaneniarukenia.site/2019/02/02/sql-oracle-statspack-tkprof-hard-parse回数の確認/	https://ukijumotahaneniarukenia.site/2019/02/02/sql-oracle-statspack-tkprof-hard-parse%e5%9b%9e%e6%95%b0%e3%81%ae%e7%a2%ba%e8%aa%8d/
https://ukijumotahaneniarukenia.site/2019/02/03/oracle-cursor-親カーソル-子カーソル/	https://ukijumotahaneniarukenia.site/2019/02/03/oracle-cursor-%e8%a6%aa%e3%82%ab%e3%83%bc%e3%82%bd%e3%83%ab-%e5%ad%90%e3%82%ab%e3%83%bc%e3%82%bd%e3%83%ab/
https://ukijumotahaneniarukenia.site/2019/02/09/sql-oracle-cboトレース10053の取得/	https://ukijumotahaneniarukenia.site/2019/02/09/sql-oracle-cbo%e3%83%88%e3%83%ac%e3%83%bc%e3%82%b910053%e3%81%ae%e5%8f%96%e5%be%97/
https://ukijumotahaneniarukenia.site/2019/02/23/sql-oracle-match_recognize-lesson/	https://ukijumotahaneniarukenia.site/2019/02/23/sql-oracle-match_recognize-lesson/
https://ukijumotahaneniarukenia.site/2019/02/24/sql-oracle-match_recognize-lessonn/	https://ukijumotahaneniarukenia.site/2019/02/24/sql-oracle-match_recognize-lessonn/
https://ukijumotahaneniarukenia.site/2019/02/25/sql-oracle-model-clause-lesson/	https://ukijumotahaneniarukenia.site/2019/02/25/sql-oracle-model-clause-lesson/
https://ukijumotahaneniarukenia.site/2019/03/01/sql-model-iteration-について理解を深めたい/	https://ukijumotahaneniarukenia.site/2019/03/01/sql-model-iteration-%e3%81%ab%e3%81%a4%e3%81%84%e3%81%a6%e7%90%86%e8%a7%a3%e3%82%92%e6%b7%b1%e3%82%81%e3%81%9f%e3%81%84/
https://ukijumotahaneniarukenia.site/2019/03/02/sql-oracle-引当処理-分析関数/	https://ukijumotahaneniarukenia.site/2019/03/02/sql-oracle-%e5%bc%95%e5%bd%93%e5%87%a6%e7%90%86-%e5%88%86%e6%9e%90%e9%96%a2%e6%95%b0/
https://ukijumotahaneniarukenia.site/2019/03/03/現在実行中のsqlのうち、ディスク読み込みが多い/	https://ukijumotahaneniarukenia.site/2019/03/03/%e7%8f%be%e5%9c%a8%e5%ae%9f%e8%a1%8c%e4%b8%ad%e3%81%aesql%e3%81%ae%e3%81%86%e3%81%a1%e3%80%81%e3%83%87%e3%82%a3%e3%82%b9%e3%82%af%e8%aa%ad%e3%81%bf%e8%be%bc%e3%81%bf%e3%81%8c%e5%a4%9a%e3%81%84/
https://ukijumotahaneniarukenia.site/2019/03/03/vsqlのcommand_type-の値について調べた/	https://ukijumotahaneniarukenia.site/2019/03/03/vsql%e3%81%aecommand_type-%e3%81%ae%e5%80%a4%e3%81%ab%e3%81%a4%e3%81%84%e3%81%a6%e8%aa%bf%e3%81%b9%e3%81%9f/
https://ukijumotahaneniarukenia.site/2019/03/06/connect-by-の練習/	https://ukijumotahaneniarukenia.site/2019/03/06/connect-by-%e3%81%ae%e7%b7%b4%e7%bf%92/
https://ukijumotahaneniarukenia.site/2019/03/07/割り算を視覚的に表現する/	https://ukijumotahaneniarukenia.site/2019/03/07/%e5%89%b2%e3%82%8a%e7%ae%97%e3%82%92%e8%a6%96%e8%a6%9a%e7%9a%84%e3%81%ab%e8%a1%a8%e7%8f%be%e3%81%99%e3%82%8b/
https://ukijumotahaneniarukenia.site/2019/03/09/bulk-collect句に関して/	https://ukijumotahaneniarukenia.site/2019/03/09/bulk-collect%e5%8f%a5%e3%81%ab%e9%96%a2%e3%81%97%e3%81%a6/
https://ukijumotahaneniarukenia.site/2019/03/09/collection型-単一と複数/	https://ukijumotahaneniarukenia.site/2019/03/09/collection%e5%9e%8b-%e5%8d%98%e4%b8%80%e3%81%a8%e8%a4%87%e6%95%b0/
https://ukijumotahaneniarukenia.site/2019/03/09/collection型-multiset演算子-単一と複数/	https://ukijumotahaneniarukenia.site/2019/03/09/collection%e5%9e%8b-multiset%e6%bc%94%e7%ae%97%e5%ad%90-%e5%8d%98%e4%b8%80%e3%81%a8%e8%a4%87%e6%95%b0/
https://ukijumotahaneniarukenia.site/2019/03/14/入れ子座標算出クエリ（未完成）/	https://ukijumotahaneniarukenia.site/2019/03/14/%e5%85%a5%e3%82%8c%e5%ad%90%e5%ba%a7%e6%a8%99%e7%ae%97%e5%87%ba%e3%82%af%e3%82%a8%e3%83%aa%ef%bc%88%e6%9c%aa%e5%ae%8c%e6%88%90%ef%bc%89/
https://ukijumotahaneniarukenia.site/2019/03/16/xmlを表示する/	https://ukijumotahaneniarukenia.site/2019/03/16/xml%e3%82%92%e8%a1%a8%e7%a4%ba%e3%81%99%e3%82%8b/
https://ukijumotahaneniarukenia.site/2019/03/17/xml関数にふれる/	https://ukijumotahaneniarukenia.site/2019/03/17/xml%e9%96%a2%e6%95%b0%e3%81%ab%e3%81%b5%e3%82%8c%e3%82%8b/
https://ukijumotahaneniarukenia.site/2019/03/18/execute-immediate-をはじめて書いた。スキーマ内クリーニング/	https://ukijumotahaneniarukenia.site/2019/03/18/execute-immediate-%e3%82%92%e3%81%af%e3%81%98%e3%82%81%e3%81%a6%e6%9b%b8%e3%81%84%e3%81%9f%e3%80%82%e3%82%b9%e3%82%ad%e3%83%bc%e3%83%9e%e5%86%85%e3%82%af%e3%83%aa%e3%83%bc%e3%83%8b%e3%83%b3%e3%82%b0/
https://ukijumotahaneniarukenia.site/2019/03/19/パイプラインについて/	https://ukijumotahaneniarukenia.site/2019/03/19/%e3%83%91%e3%82%a4%e3%83%97%e3%83%a9%e3%82%a4%e3%83%b3%e3%81%ab%e3%81%a4%e3%81%84%e3%81%a6/
https://ukijumotahaneniarukenia.site/2019/03/21/clob型のカンマ区切り文字をちょっとずつ切り取っ/	https://ukijumotahaneniarukenia.site/2019/03/21/clob%e5%9e%8b%e3%81%ae%e3%82%ab%e3%83%b3%e3%83%9e%e5%8c%ba%e5%88%87%e3%82%8a%e6%96%87%e5%ad%97%e3%82%92%e3%81%a1%e3%82%87%e3%81%a3%e3%81%a8%e3%81%9a%e3%81%a4%e5%88%87%e3%82%8a%e5%8f%96%e3%81%a3/
https://ukijumotahaneniarukenia.site/2019/03/21/clob型をcollectionで返却する/	https://ukijumotahaneniarukenia.site/2019/03/21/clob%e5%9e%8b%e3%82%92collection%e3%81%a7%e8%bf%94%e5%8d%b4%e3%81%99%e3%82%8b/
https://ukijumotahaneniarukenia.site/2019/03/21/plsql-debug-警告メッセージ制御/	https://ukijumotahaneniarukenia.site/2019/03/21/plsql-debug-%e8%ad%a6%e5%91%8a%e3%83%a1%e3%83%83%e3%82%bb%e3%83%bc%e3%82%b8%e5%88%b6%e5%be%a1/
https://ukijumotahaneniarukenia.site/2019/03/23/役立ちそうなサイト/	https://ukijumotahaneniarukenia.site/2019/03/23/%e5%bd%b9%e7%ab%8b%e3%81%a1%e3%81%9d%e3%81%86%e3%81%aa%e3%82%b5%e3%82%a4%e3%83%88/
https://ukijumotahaneniarukenia.site/2019/03/24/パスカルの三角形に関して/	https://ukijumotahaneniarukenia.site/2019/03/24/%e3%83%91%e3%82%b9%e3%82%ab%e3%83%ab%e3%81%ae%e4%b8%89%e8%a7%92%e5%bd%a2%e3%81%ab%e9%96%a2%e3%81%97%e3%81%a6/
https://ukijumotahaneniarukenia.site/2019/03/24/ロール関連のテーブルいじった/	https://ukijumotahaneniarukenia.site/2019/03/24/%e3%83%ad%e3%83%bc%e3%83%ab%e9%96%a2%e9%80%a3%e3%81%ae%e3%83%86%e3%83%bc%e3%83%96%e3%83%ab%e3%81%84%e3%81%98%e3%81%a3%e3%81%9f/
https://ukijumotahaneniarukenia.site/2019/03/24/複数行をサマルってコレ% e3ションを返却するとき/	https://ukijumotahaneniarukenia.site/2019/03/24/%e8%a4%87%e6%95%b0%e8%a1%8c%e3%82%92%e3%82%b5%e3%83%9e%e3%83%ab%e3%81%a3%e3%81%a6%e3%82%b3%e3%83%ac% e3%82%af%e3%82%b7%e3%83%a7%e3%83%b3%e3%82%92%e8%bf%94%e5%8d%b4%e3%81%99%e3%82%8b%e3%81%a8%e3%81%8d/
https://ukijumotahaneniarukenia.site/2019/03/24/複数行をサマルってコレクションを返却するとき/	https://ukijumotahaneniarukenia.site/2019/03/24/%e8%a4%87%e6%95%b0%e8%a1%8c%e3%82%92%e3%82%b5%e3%83%9e%e3%83%ab%e3%81%a3%e3%81%a6%e3%82%b3%e3%83%ac%e3%82%af%e3%82%b7%e3%83%a7%e3%83%b3%e3%82%92%e8%bf%94%e5%8d%b4%e3%81%99%e3%82%8b%e3%81%a8%e3%81%8d/
https://ukijumotahaneniarukenia.site/2019/03/26/動的にファンクションの呼び出しを制御する話/	https://ukijumotahaneniarukenia.site/2019/03/26/%e5%8b%95%e7%9a%84%e3%81%ab%e3%83%95%e3%82%a1%e3%83%b3%e3%82%af%e3%82%b7%e3%83%a7%e3%83%b3%e3%81%ae%e5%91%bc%e3%81%b3%e5%87%ba%e3%81%97%e3%82%92%e5%88%b6%e5%be%a1%e3%81%99%e3%82%8b%e8%a9%b1/
https://ukijumotahaneniarukenia.site/2019/03/26/collect関数で入れ子できた話/	https://ukijumotahaneniarukenia.site/2019/03/26/collect%e9%96%a2%e6%95%b0%e3%81%a7%e5%85%a5%e3%82%8c%e5%ad%90%e3%81%a7%e3%81%8d%e3%81%9f%e8%a9%b1/
https://ukijumotahaneniarukenia.site/2019/03/26/collect関数でmapが作成できた話/	https://ukijumotahaneniarukenia.site/2019/03/26/collect%e9%96%a2%e6%95%b0%e3%81%a7map%e3%81%8c%e4%bd%9c%e6%88%90%e3%81%a7%e3%81%8d%e3%81%9f%e8%a9%b1/
https://ukijumotahaneniarukenia.site/2019/03/26/plsqlでの定数の切り方/	https://ukijumotahaneniarukenia.site/2019/03/26/plsql%e3%81%a7%e3%81%ae%e5%ae%9a%e6%95%b0%e3%81%ae%e5%88%87%e3%82%8a%e6%96%b9/
https://ukijumotahaneniarukenia.site/2019/03/27/memo/	https://ukijumotahaneniarukenia.site/2019/03/27/memo/
https://ukijumotahaneniarukenia.site/2019/03/27/plsql___変数名ルール___/	https://ukijumotahaneniarukenia.site/2019/03/27/plsql___%e5%a4%89%e6%95%b0%e5%90%8d%e3%83%ab%e3%83%bc%e3%83%ab___/
https://ukijumotahaneniarukenia.site/2019/03/28/権限とかの話（しかけ）/	https://ukijumotahaneniarukenia.site/2019/03/28/%e6%a8%a9%e9%99%90%e3%81%a8%e3%81%8b%e3%81%ae%e8%a9%b1%ef%bc%88%e3%81%97%e3%81%8b%e3%81%91%ef%bc%89/
https://ukijumotahaneniarukenia.site/2019/03/30/appendヒントの話/	https://ukijumotahaneniarukenia.site/2019/03/30/append%e3%83%92%e3%83%b3%e3%83%88%e3%81%ae%e8%a9%b1/
https://ukijumotahaneniarukenia.site/2019/03/30/sleepとかの話/	https://ukijumotahaneniarukenia.site/2019/03/30/sleep%e3%81%a8%e3%81%8b%e3%81%ae%e8%a9%b1/
https://ukijumotahaneniarukenia.site/2019/03/30/sourceテーブルからオブジェクト型でデータ取得し、bulk/	https://ukijumotahaneniarukenia.site/2019/03/30/source%e3%83%86%e3%83%bc%e3%83%96%e3%83%ab%e3%81%8b%e3%82%89%e3%82%aa%e3%83%96%e3%82%b8%e3%82%a7%e3%82%af%e3%83%88%e5%9e%8b%e3%81%a7%e3%83%87%e3%83%bc%e3%82%bf%e5%8f%96%e5%be%97%e3%81%97%e3%80%81bulk/
https://ukijumotahaneniarukenia.site/2019/04/03/エラーメッセージの実装について/	https://ukijumotahaneniarukenia.site/2019/04/03/%e3%82%a8%e3%83%a9%e3%83%bc%e3%83%a1%e3%83%83%e3%82%bb%e3%83%bc%e3%82%b8%e3%81%ae%e5%ae%9f%e8%a3%85%e3%81%ab%e3%81%a4%e3%81%84%e3%81%a6/
https://ukijumotahaneniarukenia.site/2019/04/04/blob-バイナリ複製バイナリ取込-with-plsql/	https://ukijumotahaneniarukenia.site/2019/04/04/blob-%e3%83%90%e3%82%a4%e3%83%8a%e3%83%aa%e8%a4%87%e8%a3%bd%e3%83%90%e3%82%a4%e3%83%8a%e3%83%aa%e5%8f%96%e8%be%bc-with-plsql/
https://ukijumotahaneniarukenia.site/2019/04/04/hotなディクショナリビュー/	https://ukijumotahaneniarukenia.site/2019/04/04/hot%e3%81%aa%e3%83%87%e3%82%a3%e3%82%af%e3%82%b7%e3%83%a7%e3%83%8a%e3%83%aa%e3%83%93%e3%83%a5%e3%83%bc/
https://ukijumotahaneniarukenia.site/2019/04/07/インフラ的な参考資料/	https://ukijumotahaneniarukenia.site/2019/04/07/%e3%82%a4%e3%83%b3%e3%83%95%e3%83%a9%e7%9a%84%e3%81%aa%e5%8f%82%e8%80%83%e8%b3%87%e6%96%99/
https://ukijumotahaneniarukenia.site/2019/04/07/bash-小ネタ/	https://ukijumotahaneniarukenia.site/2019/04/07/bash-%e5%b0%8f%e3%83%8d%e3%82%bf/
https://ukijumotahaneniarukenia.site/2019/04/07/dbms_scheduler-create_jobとかの話/	https://ukijumotahaneniarukenia.site/2019/04/07/dbms_scheduler-create_job%e3%81%a8%e3%81%8b%e3%81%ae%e8%a9%b1/
https://ukijumotahaneniarukenia.site/2019/04/07/dmpとかするシェルスクリプト/	https://ukijumotahaneniarukenia.site/2019/04/07/dmp%e3%81%a8%e3%81%8b%e3%81%99%e3%82%8b%e3%82%b7%e3%82%a7%e3%83%ab%e3%82%b9%e3%82%af%e3%83%aa%e3%83%97%e3%83%88/
https://ukijumotahaneniarukenia.site/2019/04/07/lob型の削除に関して/	https://ukijumotahaneniarukenia.site/2019/04/07/lob%e5%9e%8b%e3%81%ae%e5%89%8a%e9%99%a4%e3%81%ab%e9%96%a2%e3%81%97%e3%81%a6/
https://ukijumotahaneniarukenia.site/2019/04/21/linuxのnetnsについての話/	https://ukijumotahaneniarukenia.site/2019/04/21/linux%e3%81%aenetns%e3%81%ab%e3%81%a4%e3%81%84%e3%81%a6%e3%81%ae%e8%a9%b1/
https://ukijumotahaneniarukenia.site/2019/04/29/dockerでapacheサービス作ろうとした話（curl-attackするサーバ建/	https://ukijumotahaneniarukenia.site/2019/04/29/docker%e3%81%a7apache%e3%82%b5%e3%83%bc%e3%83%93%e3%82%b9%e4%bd%9c%e3%82%8d%e3%81%86%e3%81%a8%e3%81%97%e3%81%9f%e8%a9%b1%ef%bc%88curl-attack%e3%81%99%e3%82%8b%e3%82%b5%e3%83%bc%e3%83%90%e5%bb%ba/
https://ukijumotahaneniarukenia.site/2019/04/30/docker-compose最新版いんすと/	https://ukijumotahaneniarukenia.site/2019/04/30/docker-compose%e6%9c%80%e6%96%b0%e7%89%88%e3%81%84%e3%82%93%e3%81%99%e3%81%a8/
https://ukijumotahaneniarukenia.site/2019/05/01/はじめてc言語をコンパイルしてhelloworld/	https://ukijumotahaneniarukenia.site/2019/05/01/%e3%81%af%e3%81%98%e3%82%81%e3%81%a6c%e8%a8%80%e8%aa%9e%e3%82%92%e3%82%b3%e3%83%b3%e3%83%91%e3%82%a4%e3%83%ab%e3%81%97%e3%81%a6helloworld/
https://ukijumotahaneniarukenia.site/2019/05/01/apacheとtomcatをdockerコンテナで作ってajp連携できるようにし/	https://ukijumotahaneniarukenia.site/2019/05/01/apache%e3%81%a8tomcat%e3%82%92docker%e3%82%b3%e3%83%b3%e3%83%86%e3%83%8a%e3%81%a7%e4%bd%9c%e3%81%a3%e3%81%a6ajp%e9%80%a3%e6%90%ba%e3%81%a7%e3%81%8d%e3%82%8b%e3%82%88%e3%81%86%e3%81%ab%e3%81%97/
https://ukijumotahaneniarukenia.site/2019/05/01/docker-oracle-19cr3-imageファイル作成/	https://ukijumotahaneniarukenia.site/2019/05/01/docker-oracle-19cr3-image%e3%83%95%e3%82%a1%e3%82%a4%e3%83%ab%e4%bd%9c%e6%88%90/
https://ukijumotahaneniarukenia.site/2019/05/01/shellテストの練習/	https://ukijumotahaneniarukenia.site/2019/05/01/shell%e3%83%86%e3%82%b9%e3%83%88%e3%81%ae%e7%b7%b4%e7%bf%92/
https://ukijumotahaneniarukenia.site/2019/05/02/awkの範囲指定演算子を理解したかった話（理解で/	https://ukijumotahaneniarukenia.site/2019/05/02/awk%e3%81%ae%e7%af%84%e5%9b%b2%e6%8c%87%e5%ae%9a%e6%bc%94%e7%ae%97%e5%ad%90%e3%82%92%e7%90%86%e8%a7%a3%e3%81%97%e3%81%9f%e3%81%8b%e3%81%a3%e3%81%9f%e8%a9%b1%ef%bc%88%e7%90%86%e8%a7%a3%e3%81%a7/
https://ukijumotahaneniarukenia.site/2019/05/02/peeコマンドをinstallしたかった話/	https://ukijumotahaneniarukenia.site/2019/05/02/pee%e3%82%b3%e3%83%9e%e3%83%b3%e3%83%89%e3%82%92install%e3%81%97%e3%81%9f%e3%81%8b%e3%81%a3%e3%81%9f%e8%a9%b1/
https://ukijumotahaneniarukenia.site/2019/05/03/機能的には指定回数コマンドを繰り返すだけのス/	https://ukijumotahaneniarukenia.site/2019/05/03/%e6%a9%9f%e8%83%bd%e7%9a%84%e3%81%ab%e3%81%af%e6%8c%87%e5%ae%9a%e5%9b%9e%e6%95%b0%e3%82%b3%e3%83%9e%e3%83%b3%e3%83%89%e3%82%92%e7%b9%b0%e3%82%8a%e8%bf%94%e3%81%99%e3%81%a0%e3%81%91%e3%81%ae%e3%82%b9/
https://ukijumotahaneniarukenia.site/2019/05/03/jqコマンドいんすこ/	https://ukijumotahaneniarukenia.site/2019/05/03/jq%e3%82%b3%e3%83%9e%e3%83%b3%e3%83%89%e3%81%84%e3%82%93%e3%81%99%e3%81%93/
https://ukijumotahaneniarukenia.site/2019/05/04/centos7-sqldeveloper19-1-インストール/	https://ukijumotahaneniarukenia.site/2019/05/04/centos7-sqldeveloper19-1-%e3%82%a4%e3%83%b3%e3%82%b9%e3%83%88%e3%83%bc%e3%83%ab/
https://ukijumotahaneniarukenia.site/2019/05/04/qコマンドいんすこ/	https://ukijumotahaneniarukenia.site/2019/05/04/q%e3%82%b3%e3%83%9e%e3%83%b3%e3%83%89%e3%81%84%e3%82%93%e3%81%99%e3%81%93/
https://ukijumotahaneniarukenia.site/2019/05/05/jqコマンドに力入れようと思ったので、ここらへん/	https://ukijumotahaneniarukenia.site/2019/05/05/jq%e3%82%b3%e3%83%9e%e3%83%b3%e3%83%89%e3%81%ab%e5%8a%9b%e5%85%a5%e3%82%8c%e3%82%88%e3%81%86%e3%81%a8%e6%80%9d%e3%81%a3%e3%81%9f%e3%81%ae%e3%81%a7%e3%80%81%e3%81%93%e3%81%93%e3%82%89%e3%81%b8%e3%82%93/
https://ukijumotahaneniarukenia.site/2019/05/08/jqコマンドとbashコマンドでjson形式をドット記法へ変換/	https://ukijumotahaneniarukenia.site/2019/05/08/jq%e3%82%b3%e3%83%9e%e3%83%b3%e3%83%89%e3%81%a8bash%e3%82%b3%e3%83%9e%e3%83%b3%e3%83%89%e3%81%a7json%e5%bd%a2%e5%bc%8f%e3%82%92%e3%83%89%e3%83%83%e3%83%88%e8%a8%98%e6%b3%95%e3%81%b8%e5%a4%89%e6%8f%9b/
https://ukijumotahaneniarukenia.site/2019/05/11/dockerコンテナ同士でssh疎通した話/	https://ukijumotahaneniarukenia.site/2019/05/11/docker%e3%82%b3%e3%83%b3%e3%83%86%e3%83%8a%e5%90%8c%e5%a3%ab%e3%81%a7ssh%e7%96%8e%e9%80%9a%e3%81%97%e3%81%9f%e8%a9%b1/
https://ukijumotahaneniarukenia.site/2019/05/12/多段ssh接続をdockerホストからdockerコンテナに向けてやっ/	https://ukijumotahaneniarukenia.site/2019/05/12/%e5%a4%9a%e6%ae%b5ssh%e6%8e%a5%e7%b6%9a%e3%82%92docker%e3%83%9b%e3%82%b9%e3%83%88%e3%81%8b%e3%82%89docker%e3%82%b3%e3%83%b3%e3%83%86%e3%83%8a%e3%81%ab%e5%90%91%e3%81%91%e3%81%a6%e3%82%84%e3%81%a3/
https://ukijumotahaneniarukenia.site/2019/05/12/dockerコンテナを洗い替えたとき、known_hostsから前回分の情/	https://ukijumotahaneniarukenia.site/2019/05/12/docker%e3%82%b3%e3%83%b3%e3%83%86%e3%83%8a%e3%82%92%e6%b4%97%e3%81%84%e6%9b%bf%e3%81%88%e3%81%9f%e3%81%a8%e3%81%8d%e3%80%81known_hosts%e3%81%8b%e3%82%89%e5%89%8d%e5%9b%9e%e5%88%86%e3%81%ae%e6%83%85/
https://ukijumotahaneniarukenia.site/2019/05/12/dockerホストとdockerコンテナでx転送して遊んでみた話/	https://ukijumotahaneniarukenia.site/2019/05/12/docker%e3%83%9b%e3%82%b9%e3%83%88%e3%81%a8docker%e3%82%b3%e3%83%b3%e3%83%86%e3%83%8a%e3%81%a7x%e8%bb%a2%e9%80%81%e3%81%97%e3%81%a6%e9%81%8a%e3%82%93%e3%81%a7%e3%81%bf%e3%81%9f%e8%a9%b1/
https://ukijumotahaneniarukenia.site/2019/05/14/異なるネットワークに属するdockerコンテナ間でsshポー/	https://ukijumotahaneniarukenia.site/2019/05/14/%e7%95%b0%e3%81%aa%e3%82%8b%e3%83%8d%e3%83%83%e3%83%88%e3%83%af%e3%83%bc%e3%82%af%e3%81%ab%e5%b1%9e%e3%81%99%e3%82%8bdocker%e3%82%b3%e3%83%b3%e3%83%86%e3%83%8a%e9%96%93%e3%81%a7ssh%e3%83%9d%e3%83%bc/
https://ukijumotahaneniarukenia.site/2019/05/16/dockerのフォルダ構成見直してみた話/	https://ukijumotahaneniarukenia.site/2019/05/16/docker%e3%81%ae%e3%83%95%e3%82%a9%e3%83%ab%e3%83%80%e6%a7%8b%e6%88%90%e8%a6%8b%e7%9b%b4%e3%81%97%e3%81%a6%e3%81%bf%e3%81%9f%e8%a9%b1/
https://ukijumotahaneniarukenia.site/2019/05/17/htmlの書き方がすごい便利になってて感動した話/	https://ukijumotahaneniarukenia.site/2019/05/17/html%e3%81%ae%e6%9b%b8%e3%81%8d%e6%96%b9%e3%81%8c%e3%81%99%e3%81%94%e3%81%84%e4%be%bf%e5%88%a9%e3%81%ab%e3%81%aa%e3%81%a3%e3%81%a6%e3%81%a6%e6%84%9f%e5%8b%95%e3%81%97%e3%81%9f%e8%a9%b1/
https://ukijumotahaneniarukenia.site/2019/05/19/iframeからコンテンツ取得したかった話/	https://ukijumotahaneniarukenia.site/2019/05/19/iframe%e3%81%8b%e3%82%89%e3%82%b3%e3%83%b3%e3%83%86%e3%83%b3%e3%83%84%e5%8f%96%e5%be%97%e3%81%97%e3%81%9f%e3%81%8b%e3%81%a3%e3%81%9f%e8%a9%b1/
https://ukijumotahaneniarukenia.site/2019/05/19/iframeから要素取り出せた話/	https://ukijumotahaneniarukenia.site/2019/05/19/iframe%e3%81%8b%e3%82%89%e8%a6%81%e7%b4%a0%e5%8f%96%e3%82%8a%e5%87%ba%e3%81%9b%e3%81%9f%e8%a9%b1/
https://ukijumotahaneniarukenia.site/2019/05/19/iframeのコンテンツをtextareaにマッピングした話/	https://ukijumotahaneniarukenia.site/2019/05/19/iframe%e3%81%ae%e3%82%b3%e3%83%b3%e3%83%86%e3%83%b3%e3%83%84%e3%82%92textarea%e3%81%ab%e3%83%9e%e3%83%83%e3%83%94%e3%83%b3%e3%82%b0%e3%81%97%e3%81%9f%e8%a9%b1/
https://ukijumotahaneniarukenia.site/2019/05/19/javascriptで便利そうだとおもったメソッドたちの話/	https://ukijumotahaneniarukenia.site/2019/05/19/javascript%e3%81%a7%e4%be%bf%e5%88%a9%e3%81%9d%e3%81%86%e3%81%a0%e3%81%a8%e3%81%8a%e3%82%82%e3%81%a3%e3%81%9f%e3%83%a1%e3%82%bd%e3%83%83%e3%83%89%e3%81%9f%e3%81%a1%e3%81%ae%e8%a9%b1/
https://ukijumotahaneniarukenia.site/2019/05/22/baseイメージがcentosのdockerコンテナにapacheとphpをinstallした話/	https://ukijumotahaneniarukenia.site/2019/05/22/base%e3%82%a4%e3%83%a1%e3%83%bc%e3%82%b8%e3%81%8ccentos%e3%81%aedocker%e3%82%b3%e3%83%b3%e3%83%86%e3%83%8a%e3%81%abapache%e3%81%a8php%e3%82%92install%e3%81%97%e3%81%9f%e8%a9%b1/
https://ukijumotahaneniarukenia.site/2019/05/23/ホストosの物理nicを仮想ブリッジovsswitchのポートにマッ/	https://ukijumotahaneniarukenia.site/2019/05/23/%e3%83%9b%e3%82%b9%e3%83%88os%e3%81%ae%e7%89%a9%e7%90%86nic%e3%82%92%e4%bb%ae%e6%83%b3%e3%83%96%e3%83%aa%e3%83%83%e3%82%b8ovsswitch%e3%81%ae%e3%83%9d%e3%83%bc%e3%83%88%e3%81%ab%e3%83%9e%e3%83%83/
https://ukijumotahaneniarukenia.site/2019/05/25/シェルスクリプト-なんとか以外を削除する話/	https://ukijumotahaneniarukenia.site/2019/05/25/%e3%82%b7%e3%82%a7%e3%83%ab%e3%82%b9%e3%82%af%e3%83%aa%e3%83%97%e3%83%88-%e3%81%aa%e3%82%93%e3%81%a8%e3%81%8b%e4%bb%a5%e5%a4%96%e3%82%92%e5%89%8a%e9%99%a4%e3%81%99%e3%82%8b%e8%a9%b1/
https://ukijumotahaneniarukenia.site/2019/05/25/body閉じタグの直前にscriptタグを挿入した話（スクレイ/	https://ukijumotahaneniarukenia.site/2019/05/25/body%e9%96%89%e3%81%98%e3%82%bf%e3%82%b0%e3%81%ae%e7%9b%b4%e5%89%8d%e3%81%abscript%e3%82%bf%e3%82%b0%e3%82%92%e6%8c%bf%e5%85%a5%e3%81%97%e3%81%9f%e8%a9%b1%ef%bc%88%e3%82%b9%e3%82%af%e3%83%ac%e3%82%a4/
https://ukijumotahaneniarukenia.site/2019/05/25/docker-rlwrap周りの整備で粘り勝った話/	https://ukijumotahaneniarukenia.site/2019/05/25/docker-rlwrap%e5%91%a8%e3%82%8a%e3%81%ae%e6%95%b4%e5%82%99%e3%81%a7%e7%b2%98%e3%82%8a%e5%8b%9d%e3%81%a3%e3%81%9f%e8%a9%b1/
https://ukijumotahaneniarukenia.site/2019/05/25/oracle-sql-差分更新について考える話/	https://ukijumotahaneniarukenia.site/2019/05/25/oracle-sql-%e5%b7%ae%e5%88%86%e6%9b%b4%e6%96%b0%e3%81%ab%e3%81%a4%e3%81%84%e3%81%a6%e8%80%83%e3%81%88%e3%82%8b%e8%a9%b1/
https://ukijumotahaneniarukenia.site/2019/05/25/oracle-sqlcl-環境構築/	https://ukijumotahaneniarukenia.site/2019/05/25/oracle-sqlcl-%e7%92%b0%e5%a2%83%e6%a7%8b%e7%af%89/
https://ukijumotahaneniarukenia.site/2019/05/26/不要なlibvirt管理のネットワーク設定を削除する話/	https://ukijumotahaneniarukenia.site/2019/05/26/%e4%b8%8d%e8%a6%81%e3%81%aalibvirt%e7%ae%a1%e7%90%86%e3%81%ae%e3%83%8d%e3%83%83%e3%83%88%e3%83%af%e3%83%bc%e3%82%af%e8%a8%ad%e5%ae%9a%e3%82%92%e5%89%8a%e9%99%a4%e3%81%99%e3%82%8b%e8%a9%b1/
https://ukijumotahaneniarukenia.site/2019/05/26/libvirt管理のネットワークばばっと作成する話/	https://ukijumotahaneniarukenia.site/2019/05/26/libvirt%e7%ae%a1%e7%90%86%e3%81%ae%e3%83%8d%e3%83%83%e3%83%88%e3%83%af%e3%83%bc%e3%82%af%e3%81%b0%e3%81%b0%e3%81%a3%e3%81%a8%e4%bd%9c%e6%88%90%e3%81%99%e3%82%8b%e8%a9%b1/
https://ukijumotahaneniarukenia.site/2019/05/26/vagrantで複数台の仮想ゲストosを立ち上げた時の話/	https://ukijumotahaneniarukenia.site/2019/05/26/vagrant%e3%81%a7%e8%a4%87%e6%95%b0%e5%8f%b0%e3%81%ae%e4%bb%ae%e6%83%b3%e3%82%b2%e3%82%b9%e3%83%88os%e3%82%92%e7%ab%8b%e3%81%a1%e4%b8%8a%e3%81%92%e3%81%9f%e6%99%82%e3%81%ae%e8%a9%b1/
https://ukijumotahaneniarukenia.site/2019/05/27/vagrant管理の仮想ゲストosマシンと仮想ホストosマシンの/	https://ukijumotahaneniarukenia.site/2019/05/27/vagrant%e7%ae%a1%e7%90%86%e3%81%ae%e4%bb%ae%e6%83%b3%e3%82%b2%e3%82%b9%e3%83%88os%e3%83%9e%e3%82%b7%e3%83%b3%e3%81%a8%e4%bb%ae%e6%83%b3%e3%83%9b%e3%82%b9%e3%83%88os%e3%83%9e%e3%82%b7%e3%83%b3%e3%81%ae/
https://ukijumotahaneniarukenia.site/2019/05/28/自作したlibvirt管理のネットワークとデフぉで出来る/	https://ukijumotahaneniarukenia.site/2019/05/28/%e8%87%aa%e4%bd%9c%e3%81%97%e3%81%9flibvirt%e7%ae%a1%e7%90%86%e3%81%ae%e3%83%8d%e3%83%83%e3%83%88%e3%83%af%e3%83%bc%e3%82%af%e3%81%a8%e3%83%87%e3%83%95%e3%81%89%e3%81%a7%e5%87%ba%e6%9d%a5%e3%82%8b/
https://ukijumotahaneniarukenia.site/2019/05/28/libvirt管理の仮想ゲストosの設定ファイルの在処の話/	https://ukijumotahaneniarukenia.site/2019/05/28/libvirt%e7%ae%a1%e7%90%86%e3%81%ae%e4%bb%ae%e6%83%b3%e3%82%b2%e3%82%b9%e3%83%88os%e3%81%ae%e8%a8%ad%e5%ae%9a%e3%83%95%e3%82%a1%e3%82%a4%e3%83%ab%e3%81%ae%e5%9c%a8%e5%87%a6%e3%81%ae%e8%a9%b1/
https://ukijumotahaneniarukenia.site/2019/05/31/libvirt管理の仮想ゲストosネットワークセグメントを切/	https://ukijumotahaneniarukenia.site/2019/05/31/libvirt%e7%ae%a1%e7%90%86%e3%81%ae%e4%bb%ae%e6%83%b3%e3%82%b2%e3%82%b9%e3%83%88os%e3%83%8d%e3%83%83%e3%83%88%e3%83%af%e3%83%bc%e3%82%af%e3%82%bb%e3%82%b0%e3%83%a1%e3%83%b3%e3%83%88%e3%82%92%e5%88%87/
https://ukijumotahaneniarukenia.site/2019/06/01/awkで各単語をシングルクォートないしダブルクォ/	https://ukijumotahaneniarukenia.site/2019/06/01/awk%e3%81%a7%e5%90%84%e5%8d%98%e8%aa%9e%e3%82%92%e3%82%b7%e3%83%b3%e3%82%b0%e3%83%ab%e3%82%af%e3%82%a9%e3%83%bc%e3%83%88%e3%81%aa%e3%81%84%e3%81%97%e3%83%80%e3%83%96%e3%83%ab%e3%82%af%e3%82%a9/
https://ukijumotahaneniarukenia.site/2019/06/01/kvm上の仮想マシンmacアドレスをkey-value形式のファイルで/	https://ukijumotahaneniarukenia.site/2019/06/01/kvm%e4%b8%8a%e3%81%ae%e4%bb%ae%e6%83%b3%e3%83%9e%e3%82%b7%e3%83%b3mac%e3%82%a2%e3%83%89%e3%83%ac%e3%82%b9%e3%82%92key-value%e5%bd%a2%e5%bc%8f%e3%81%ae%e3%83%95%e3%82%a1%e3%82%a4%e3%83%ab%e3%81%a7/
https://ukijumotahaneniarukenia.site/2019/06/01/macアドレス取得する話/	https://ukijumotahaneniarukenia.site/2019/06/01/mac%e3%82%a2%e3%83%89%e3%83%ac%e3%82%b9%e5%8f%96%e5%be%97%e3%81%99%e3%82%8b%e8%a9%b1/
https://ukijumotahaneniarukenia.site/2019/06/01/nmcliコマンドで物理nicを再設定してみた話/	https://ukijumotahaneniarukenia.site/2019/06/01/nmcli%e3%82%b3%e3%83%9e%e3%83%b3%e3%83%89%e3%81%a7%e7%89%a9%e7%90%86nic%e3%82%92%e5%86%8d%e8%a8%ad%e5%ae%9a%e3%81%97%e3%81%a6%e3%81%bf%e3%81%9f%e8%a9%b1/
https://ukijumotahaneniarukenia.site/2019/06/02/グルーピングするシェルスクリプトを作った話/	https://ukijumotahaneniarukenia.site/2019/06/02/%e3%82%b0%e3%83%ab%e3%83%bc%e3%83%94%e3%83%b3%e3%82%b0%e3%81%99%e3%82%8b%e3%82%b7%e3%82%a7%e3%83%ab%e3%82%b9%e3%82%af%e3%83%aa%e3%83%97%e3%83%88%e3%82%92%e4%bd%9c%e3%81%a3%e3%81%9f%e8%a9%b1/
https://ukijumotahaneniarukenia.site/2019/06/02/ファイルをグルーピングして分割する話/	https://ukijumotahaneniarukenia.site/2019/06/02/%e3%83%95%e3%82%a1%e3%82%a4%e3%83%ab%e3%82%92%e3%82%b0%e3%83%ab%e3%83%bc%e3%83%94%e3%83%b3%e3%82%b0%e3%81%97%e3%81%a6%e5%88%86%e5%89%b2%e3%81%99%e3%82%8b%e8%a9%b1/
https://ukijumotahaneniarukenia.site/2019/06/02/i-dont-like-mondaysにハマっている話/	https://ukijumotahaneniarukenia.site/2019/06/02/i-dont-like-mondays%e3%81%ab%e3%83%8f%e3%83%9e%e3%81%a3%e3%81%a6%e3%81%84%e3%82%8b%e8%a9%b1/
https://ukijumotahaneniarukenia.site/2019/06/02/kvm上の仮想マシンipを固定ipにしようかなって思った/	https://ukijumotahaneniarukenia.site/2019/06/02/kvm%e4%b8%8a%e3%81%ae%e4%bb%ae%e6%83%b3%e3%83%9e%e3%82%b7%e3%83%b3ip%e3%82%92%e5%9b%ba%e5%ae%9aip%e3%81%ab%e3%81%97%e3%82%88%e3%81%86%e3%81%8b%e3%81%aa%e3%81%a3%e3%81%a6%e6%80%9d%e3%81%a3%e3%81%9f/
https://ukijumotahaneniarukenia.site/2019/06/02/lanyは好きなアーティストの一人な話/	https://ukijumotahaneniarukenia.site/2019/06/02/lany%e3%81%af%e5%a5%bd%e3%81%8d%e3%81%aa%e3%82%a2%e3%83%bc%e3%83%86%e3%82%a3%e3%82%b9%e3%83%88%e3%81%ae%e4%b8%80%e4%ba%ba%e3%81%aa%e8%a9%b1/
https://ukijumotahaneniarukenia.site/2019/06/02/lauvは好きなアーティストの一人な話/	https://ukijumotahaneniarukenia.site/2019/06/02/lauv%e3%81%af%e5%a5%bd%e3%81%8d%e3%81%aa%e3%82%a2%e3%83%bc%e3%83%86%e3%82%a3%e3%82%b9%e3%83%88%e3%81%ae%e4%b8%80%e4%ba%ba%e3%81%aa%e8%a9%b1/
https://ukijumotahaneniarukenia.site/2019/06/02/libvirt管理のネットワークを固定ipにするためのhostタグ/	https://ukijumotahaneniarukenia.site/2019/06/02/libvirt%e7%ae%a1%e7%90%86%e3%81%ae%e3%83%8d%e3%83%83%e3%83%88%e3%83%af%e3%83%bc%e3%82%af%e3%82%92%e5%9b%ba%e5%ae%9aip%e3%81%ab%e3%81%99%e3%82%8b%e3%81%9f%e3%82%81%e3%81%aehost%e3%82%bf%e3%82%b0/
https://ukijumotahaneniarukenia.site/2019/06/02/the1975は好きなアーティストの一人な話/	https://ukijumotahaneniarukenia.site/2019/06/02/the1975%e3%81%af%e5%a5%bd%e3%81%8d%e3%81%aa%e3%82%a2%e3%83%bc%e3%83%86%e3%82%a3%e3%82%b9%e3%83%88%e3%81%ae%e4%b8%80%e4%ba%ba%e3%81%aa%e8%a9%b1/
https://ukijumotahaneniarukenia.site/2019/06/02/vagrant-ssh-cでコマンド実行できるんだねって話/	https://ukijumotahaneniarukenia.site/2019/06/02/vagrant-ssh-c%e3%81%a7%e3%82%b3%e3%83%9e%e3%83%b3%e3%83%89%e5%ae%9f%e8%a1%8c%e3%81%a7%e3%81%8d%e3%82%8b%e3%82%93%e3%81%a0%e3%81%ad%e3%81%a3%e3%81%a6%e8%a9%b1/
https://ukijumotahaneniarukenia.site/2019/06/03/19cr3のoracleで初期環境構築スクリプト作ろうかなって思/	https://ukijumotahaneniarukenia.site/2019/06/03/19cr3%e3%81%aeoracle%e3%81%a7%e5%88%9d%e6%9c%9f%e7%92%b0%e5%a2%83%e6%a7%8b%e7%af%89%e3%82%b9%e3%82%af%e3%83%aa%e3%83%97%e3%83%88%e4%bd%9c%e3%82%8d%e3%81%86%e3%81%8b%e3%81%aa%e3%81%a3%e3%81%a6%e6%80%9d/
https://ukijumotahaneniarukenia.site/2019/06/07/仮想ゲストos固定ip化の手番整理/	https://ukijumotahaneniarukenia.site/2019/06/07/%e4%bb%ae%e6%83%b3%e3%82%b2%e3%82%b9%e3%83%88os%e5%9b%ba%e5%ae%9aip%e5%8c%96%e3%81%ae%e6%89%8b%e7%95%aa%e6%95%b4%e7%90%86/
https://ukijumotahaneniarukenia.site/2019/06/07/awkでbashファンクション作成/	https://ukijumotahaneniarukenia.site/2019/06/07/awk%e3%81%a7bash%e3%83%95%e3%82%a1%e3%83%b3%e3%82%af%e3%82%b7%e3%83%a7%e3%83%b3%e4%bd%9c%e6%88%90/
https://ukijumotahaneniarukenia.site/2019/06/07/vagrantで-vagrantフォルダ吹っ飛ばした時の話/	https://ukijumotahaneniarukenia.site/2019/06/07/vagrant%e3%81%a7-vagrant%e3%83%95%e3%82%a9%e3%83%ab%e3%83%80%e5%90%b9%e3%81%a3%e9%a3%9b%e3%81%b0%e3%81%97%e3%81%9f%e6%99%82%e3%81%ae%e8%a9%b1/
https://ukijumotahaneniarukenia.site/2019/06/08/bashの変数展開を使用したリネーム/	https://ukijumotahaneniarukenia.site/2019/06/08/bash%e3%81%ae%e5%a4%89%e6%95%b0%e5%b1%95%e9%96%8b%e3%82%92%e4%bd%bf%e7%94%a8%e3%81%97%e3%81%9f%e3%83%aa%e3%83%8d%e3%83%bc%e3%83%a0/
https://ukijumotahaneniarukenia.site/2019/06/11/1つのファイルを元にリネームしつつ複数ファイル/	https://ukijumotahaneniarukenia.site/2019/06/11/1%e3%81%a4%e3%81%ae%e3%83%95%e3%82%a1%e3%82%a4%e3%83%ab%e3%82%92%e5%85%83%e3%81%ab%e3%83%aa%e3%83%8d%e3%83%bc%e3%83%a0%e3%81%97%e3%81%a4%e3%81%a4%e8%a4%87%e6%95%b0%e3%83%95%e3%82%a1%e3%82%a4%e3%83%ab/
https://ukijumotahaneniarukenia.site/2019/06/12/bash配列の間接参照/	https://ukijumotahaneniarukenia.site/2019/06/12/bash%e9%85%8d%e5%88%97%e3%81%ae%e9%96%93%e6%8e%a5%e5%8f%82%e7%85%a7/
https://ukijumotahaneniarukenia.site/2019/06/13/bashメソッド抜き出しシェルスクリプトを作成した/	https://ukijumotahaneniarukenia.site/2019/06/13/bash%e3%83%a1%e3%82%bd%e3%83%83%e3%83%89%e6%8a%9c%e3%81%8d%e5%87%ba%e3%81%97%e3%82%b7%e3%82%a7%e3%83%ab%e3%82%b9%e3%82%af%e3%83%aa%e3%83%97%e3%83%88%e3%82%92%e4%bd%9c%e6%88%90%e3%81%97%e3%81%9f/
https://ukijumotahaneniarukenia.site/2019/06/14/asciiコード定義ファイルからasciiコード定義確認スクリ/	https://ukijumotahaneniarukenia.site/2019/06/14/ascii%e3%82%b3%e3%83%bc%e3%83%89%e5%ae%9a%e7%be%a9%e3%83%95%e3%82%a1%e3%82%a4%e3%83%ab%e3%81%8b%e3%82%89ascii%e3%82%b3%e3%83%bc%e3%83%89%e5%ae%9a%e7%be%a9%e7%a2%ba%e8%aa%8d%e3%82%b9%e3%82%af%e3%83%aa/
https://ukijumotahaneniarukenia.site/2019/06/14/unicodeで管理している文字集合をエンコーディング方/	https://ukijumotahaneniarukenia.site/2019/06/14/unicode%e3%81%a7%e7%ae%a1%e7%90%86%e3%81%97%e3%81%a6%e3%81%84%e3%82%8b%e6%96%87%e5%ad%97%e9%9b%86%e5%90%88%e3%82%92%e3%82%a8%e3%83%b3%e3%82%b3%e3%83%bc%e3%83%87%e3%82%a3%e3%83%b3%e3%82%b0%e6%96%b9/
https://ukijumotahaneniarukenia.site/2019/06/23/gawk-5-0-0いんすこ/	https://ukijumotahaneniarukenia.site/2019/06/23/gawk-5-0-0%e3%81%84%e3%82%93%e3%81%99%e3%81%93/
https://ukijumotahaneniarukenia.site/2019/06/23/yumでソースコードいんすこ/	https://ukijumotahaneniarukenia.site/2019/06/23/yum%e3%81%a7%e3%82%bd%e3%83%bc%e3%82%b9%e3%82%b3%e3%83%bc%e3%83%89%e3%81%84%e3%82%93%e3%81%99%e3%81%93/
https://ukijumotahaneniarukenia.site/2019/06/26/go言語いんすこ/	https://ukijumotahaneniarukenia.site/2019/06/26/go%e8%a8%80%e8%aa%9e%e3%81%84%e3%82%93%e3%81%99%e3%81%93/
https://ukijumotahaneniarukenia.site/2019/07/05/sed-デタラメな複数行を小綺麗な一行に a4する話/	https://ukijumotahaneniarukenia.site/2019/07/05/sed-%e3%83%87%e3%82%bf%e3%83%a9%e3%83%a1%e3%81%aa%e8%a4%87%e6%95%b0%e8%a1%8c%e3%82%92%e5%b0%8f%e7%b6%ba%e9%ba%97%e3%81%aa%e4%b8%80%e8%a1%8c%e3%81%ab%e5% a4%89%e6%8f%9b%e3%81%99%e3%82%8b%e8%a9%b1/
https://ukijumotahaneniarukenia.site/2019/07/05/sed-デタラメな複数行を小綺麗な一行に変換する話/	https://ukijumotahaneniarukenia.site/2019/07/05/sed-%e3%83%87%e3%82%bf%e3%83%a9%e3%83%a1%e3%81%aa%e8%a4%87%e6%95%b0%e8%a1%8c%e3%82%92%e5%b0%8f%e7%b6%ba%e9%ba%97%e3%81%aa%e4%b8%80%e8%a1%8c%e3%81%ab%e5%a4%89%e6%8f%9b%e3%81%99%e3%82%8b%e8%a9%b1/
https://ukijumotahaneniarukenia.site/2019/07/05/sed-一文字ずつ切り取って後ろにくっ付ける話/	https://ukijumotahaneniarukenia.site/2019/07/05/sed-%e4%b8%80%e6%96%87%e5%ad%97%e3%81%9a%e3%81%a4%e5%88%87%e3%82%8a%e5%8f%96%e3%81%a3%e3%81%a6%e5%be%8c%e3%82%8d%e3%81%ab%e3%81%8f%e3%81%a3%e4%bb%98%e3%81%91%e3%82%8b%e8%a9%b1/
https://ukijumotahaneniarukenia.site/2019/07/05/sed-複数行を1行に置換する話/	https://ukijumotahaneniarukenia.site/2019/07/05/sed-%e8%a4%87%e6%95%b0%e8%a1%8c%e3%82%921%e8%a1%8c%e3%81%ab%e7%bd%ae%e6%8f%9b%e3%81%99%e3%82%8b%e8%a9%b1/
https://ukijumotahaneniarukenia.site/2019/07/11/bashの配列であそんだ/	https://ukijumotahaneniarukenia.site/2019/07/11/bash%e3%81%ae%e9%85%8d%e5%88%97%e3%81%a7%e3%81%82%e3%81%9d%e3%82%93%e3%81%a0/
https://ukijumotahaneniarukenia.site/2019/07/14/generate-script-awkなるものを読んで思った所感/	https://ukijumotahaneniarukenia.site/2019/07/14/generate-script-awk%e3%81%aa%e3%82%8b%e3%82%82%e3%81%ae%e3%82%92%e8%aa%ad%e3%82%93%e3%81%a7%e6%80%9d%e3%81%a3%e3%81%9f%e6%89%80%e6%84%9f/
https://ukijumotahaneniarukenia.site/2019/07/15/qiitaのストック記事が500件だった/	https://ukijumotahaneniarukenia.site/2019/07/15/qiita%e3%81%ae%e3%82%b9%e3%83%88%e3%83%83%e3%82%af%e8%a8%98%e4%ba%8b%e3%81%8c500%e4%bb%b6%e3%81%a0%e3%81%a3%e3%81%9f/
https://ukijumotahaneniarukenia.site/2019/07/23/python-install/	https://ukijumotahaneniarukenia.site/2019/07/23/python-install/
https://ukijumotahaneniarukenia.site/2019/07/23/r言語インストール-centos7/	https://ukijumotahaneniarukenia.site/2019/07/23/r%e8%a8%80%e8%aa%9e%e3%82%a4%e3%83%b3%e3%82%b9%e3%83%88%e3%83%bc%e3%83%ab-centos7/
https://ukijumotahaneniarukenia.site/author/uki jumotahaneniarukenia/	https://ukijumotahaneniarukenia.site/author/uki jumotahaneniarukenia/
https://ukijumotahaneniarukenia.site/author/ukijumotahaneniaruke nia/	https://ukijumotahaneniarukenia.site/author/ukijumotahaneniaruke nia/
https://ukijumotahaneniarukenia.site/author/ukijumotahaneniarukenia/	https://ukijumotahaneniarukenia.site/author/ukijumotahaneniarukenia/
https://ukijumotahaneniarukenia.site/category/入れ子集合モデル/	https://ukijumotahaneniarukenia.site/category/%e5%85%a5%e3%82%8c%e5%ad%90%e9%9b%86%e5%90%88%e3%83%a2%e3%83%87%e3%83%ab/
https://ukijumotahaneniarukenia.site/category/変数名/	https://ukijumotahaneniarukenia.site/category/%e5%a4%89%e6%95%b0%e5%90%8d/
https://ukijumotahaneniarukenia.site/category/未分類/	https://ukijumotahaneniarukenia.site/category/%e6%9c%aa%e5%88%86%e9%a1%9e/
https://ukijumotahaneniarukenia.site/category/隣接リストモデル/	https://ukijumotahaneniarukenia.site/category/%e9%9a%a3%e6%8e%a5%e3%83%aa%e3%82%b9%e3%83%88%e3%83%a2%e3%83%87%e3%83%ab/
https://ukijumotahaneniarukenia.site/category/analytic-function/	https://ukijumotahaneniarukenia.site/category/analytic-function/
https://ukijumotahaneniarukenia.site/category/apache/	https://ukijumotahaneniarukenia.site/category/apache/
https://ukijumotahaneniarukenia.site/category/append-hint/	https://ukijumotahaneniarukenia.site/category/append-hint/
https://ukijumotahaneniarukenia.site/category/awk/	https://ukijumotahaneniarukenia.site/category/awk/
https://ukijumotahaneniarukenia.site/category/bash/	https://ukijumotahaneniarukenia.site/category/bash/
https://ukijumotahaneniarukenia.site/category/blob/	https://ukijumotahaneniarukenia.site/category/blob/
https://ukijumotahaneniarukenia.site/category/bulk-collect/	https://ukijumotahaneniarukenia.site/category/bulk-collect/
https://ukijumotahaneniarukenia.site/category/c/	https://ukijumotahaneniarukenia.site/category/c/
https://ukijumotahaneniarukenia.site/category/centos7/	https://ukijumotahaneniarukenia.site/category/centos7/
https://ukijumotahaneniarukenia.site/category/child-cursor/	https://ukijumotahaneniarukenia.site/category/child-cursor/
https://ukijumotahaneniarukenia.site/category/clob/	https://ukijumotahaneniarukenia.site/category/clob/
https://ukijumotahaneniarukenia.site/category/collection/	https://ukijumotahaneniarukenia.site/category/collection/
https://ukijumotahaneniarukenia.site/category/connect-by/	https://ukijumotahaneniarukenia.site/category/connect-by/
https://ukijumotahaneniarukenia.site/category/css/	https://ukijumotahaneniarukenia.site/category/css/
https://ukijumotahaneniarukenia.site/category/datapump/	https://ukijumotahaneniarukenia.site/category/datapump/
https://ukijumotahaneniarukenia.site/category/dblink/	https://ukijumotahaneniarukenia.site/category/dblink/
https://ukijumotahaneniarukenia.site/category/dbms_scheduler/	https://ukijumotahaneniarukenia.site/category/dbms_scheduler/
https://ukijumotahaneniarukenia.site/category/dictionary-view/	https://ukijumotahaneniarukenia.site/category/dictionary-view/
https://ukijumotahaneniarukenia.site/category/docker-compose/	https://ukijumotahaneniarukenia.site/category/docker-compose/
https://ukijumotahaneniarukenia.site/category/docker/	https://ukijumotahaneniarukenia.site/category/docker/
https://ukijumotahaneniarukenia.site/category/error-message/	https://ukijumotahaneniarukenia.site/category/error-message/
https://ukijumotahaneniarukenia.site/category/gcc/	https://ukijumotahaneniarukenia.site/category/gcc/
https://ukijumotahaneniarukenia.site/category/go/	https://ukijumotahaneniarukenia.site/category/go/
https://ukijumotahaneniarukenia.site/category/hard-parse/	https://ukijumotahaneniarukenia.site/category/hard-parse/
https://ukijumotahaneniarukenia.site/category/hint/	https://ukijumotahaneniarukenia.site/category/hint/
https://ukijumotahaneniarukenia.site/category/html/	https://ukijumotahaneniarukenia.site/category/html/
https://ukijumotahaneniarukenia.site/category/i-dont-like-mondays/	https://ukijumotahaneniarukenia.site/category/i-dont-like-mondays/
https://ukijumotahaneniarukenia.site/category/i-o/	https://ukijumotahaneniarukenia.site/category/i-o/
https://ukijumotahaneniarukenia.site/category/iframe /	https://ukijumotahaneniarukenia.site/category/iframe /
https://ukijumotahaneniarukenia.site/category/iframe/	https://ukijumotahaneniarukenia.site/category/iframe/
https://ukijumotahaneniarukenia.site/category/infra/	https://ukijumotahaneniarukenia.site/category/infra/
https://ukijumotahaneniarukenia.site/category/jq/	https://ukijumotahaneniarukenia.site/category/jq/
https://ukijumotahaneniarukenia.site/category/jquery/	https://ukijumotahaneniarukenia.site/category/jquery/
https://ukijumotahaneniarukenia.site/category/js/	https://ukijumotahaneniarukenia.site/category/js/
https://ukijumotahaneniarukenia.site/category/json/	https://ukijumotahaneniarukenia.site/category/json/
https://ukijumotahaneniarukenia.site/category/kvm/	https://ukijumotahaneniarukenia.site/category/kvm/
https://ukijumotahaneniarukenia.site/category/lany/	https://ukijumotahaneniarukenia.site/category/lany/
https://ukijumotahaneniarukenia.site/category/lauv/	https://ukijumotahaneniarukenia.site/category/lauv/
https://ukijumotahaneniarukenia.site/category/libvirt/	https://ukijumotahaneniarukenia.site/category/libvirt/
https://ukijumotahaneniarukenia.site/category/linux/	https://ukijumotahaneniarukenia.site/category/linux/
https://ukijumotahaneniarukenia.site/category/lob/	https://ukijumotahaneniarukenia.site/category/lob/
https://ukijumotahaneniarukenia.site/category/local-level/	https://ukijumotahaneniarukenia.site/category/local-level/
https://ukijumotahaneniarukenia.site/category/make/	https://ukijumotahaneniarukenia.site/category/make/
https://ukijumotahaneniarukenia.site/category/match_recognize/	https://ukijumotahaneniarukenia.site/category/match_recognize/
https://ukijumotahaneniarukenia.site/category/memory/	https://ukijumotahaneniarukenia.site/category/memory/
https://ukijumotahaneniarukenia.site/category/model/	https://ukijumotahaneniarukenia.site/category/model/
https://ukijumotahaneniarukenia.site/category/multi-tenant-archtecture/	https://ukijumotahaneniarukenia.site/category/multi-tenant-archtecture/
https://ukijumotahaneniarukenia.site/category/multiset/	https://ukijumotahaneniarukenia.site/category/multiset/
https://ukijumotahaneniarukenia.site/category/netns/	https://ukijumotahaneniarukenia.site/category/netns/
https://ukijumotahaneniarukenia.site/category/network/	https://ukijumotahaneniarukenia.site/category/network/
https://ukijumotahaneniarukenia.site/category/nmcli/	https://ukijumotahaneniarukenia.site/category/nmcli/
https://ukijumotahaneniarukenia.site/category/nologging/	https://ukijumotahaneniarukenia.site/category/nologging/
https://ukijumotahaneniarukenia.site/category/oracle/	https://ukijumotahaneniarukenia.site/category/oracle/
https://ukijumotahaneniarukenia.site/category/osquery/	https://ukijumotahaneniarukenia.site/category/osquery/
https://ukijumotahaneniarukenia.site/category/ovs/	https://ukijumotahaneniarukenia.site/category/ovs/
https://ukijumotahaneniarukenia.site/category/parent-cursor/	https://ukijumotahaneniarukenia.site/category/parent-cursor/
https://ukijumotahaneniarukenia.site/category/pascals-triangle/	https://ukijumotahaneniarukenia.site/category/pascals-triangle/
https://ukijumotahaneniarukenia.site/category/php/	https://ukijumotahaneniarukenia.site/category/php/
https://ukijumotahaneniarukenia.site/category/plsql/	https://ukijumotahaneniarukenia.site/category/plsql/
https://ukijumotahaneniarukenia.site/category/privilege/	https://ukijumotahaneniarukenia.site/category/privilege/
https://ukijumotahaneniarukenia.site/category/python/	https://ukijumotahaneniarukenia.site/category/python/
https://ukijumotahaneniarukenia.site/category/q/	https://ukijumotahaneniarukenia.site/category/q/
https://ukijumotahaneniarukenia.site/category/r/	https://ukijumotahaneniarukenia.site/category/r/
https://ukijumotahaneniarukenia.site/category/rac/	https://ukijumotahaneniarukenia.site/category/rac/
https://ukijumotahaneniarukenia.site/category/rlwrap/	https://ukijumotahaneniarukenia.site/category/rlwrap/
https://ukijumotahaneniarukenia.site/category/schema-level/	https://ukijumotahaneniarukenia.site/category/schema-level/
https://ukijumotahaneniarukenia.site/category/sed/	https://ukijumotahaneniarukenia.site/category/sed/
https://ukijumotahaneniarukenia.site/category/sleep/	https://ukijumotahaneniarukenia.site/category/sleep/
https://ukijumotahaneniarukenia.site/category/sql-trace/	https://ukijumotahaneniarukenia.site/category/sql-trace/
https://ukijumotahaneniarukenia.site/category/sql/	https://ukijumotahaneniarukenia.site/category/sql/
https://ukijumotahaneniarukenia.site/category/sqlcl/	https://ukijumotahaneniarukenia.site/category/sqlcl/
https://ukijumotahaneniarukenia.site/category/sqldeveloper/	https://ukijumotahaneniarukenia.site/category/sqldeveloper/
https://ukijumotahaneniarukenia.site/category/sqlplus/	https://ukijumotahaneniarukenia.site/category/sqlplus/
https://ukijumotahaneniarukenia.site/category/ssh/	https://ukijumotahaneniarukenia.site/category/ssh/
https://ukijumotahaneniarukenia.site/category/statspack/	https://ukijumotahaneniarukenia.site/category/statspack/
https://ukijumotahaneniarukenia.site/category/the1975/	https://ukijumotahaneniarukenia.site/category/the1975/
https://ukijumotahaneniarukenia.site/category/tkprof/	https://ukijumotahaneniarukenia.site/category/tkprof/
https://ukijumotahaneniarukenia.site/category/tomcat/	https://ukijumotahaneniarukenia.site/category/tomcat/
https://ukijumotahaneniarukenia.site/category/unicode/	https://ukijumotahaneniarukenia.site/category/unicode/
https://ukijumotahaneniarukenia.site/category/v/	https://ukijumotahaneniarukenia.site/category/v/
https://ukijumotahaneniarukenia.site/category/vargrant/	https://ukijumotahaneniarukenia.site/category/vargrant/
https://ukijumotahaneniarukenia.site/category/virtualization/	https://ukijumotahaneniarukenia.site/category/virtualization/
https://ukijumotahaneniarukenia.site/category/wait-event/	https://ukijumotahaneniarukenia.site/category/wait-event/
https://ukijumotahaneniarukenia.site/category/xml/	https://ukijumotahaneniarukenia.site/category/xml/
https://ukijumotahaneniarukenia.site/category/xserver/	https://ukijumotahaneniarukenia.site/category/xserver/
https://ukijumotahaneniarukenia.site/page/10/	https://ukijumotahaneniarukenia.site/page/10/
https://ukijumotahaneniarukenia.site/page/11/	https://ukijumotahaneniarukenia.site/page/11/
https://ukijumotahaneniarukenia.site/page/12/	https://ukijumotahaneniarukenia.site/page/12/
https://ukijumotahaneniarukenia.site/page/13/	https://ukijumotahaneniarukenia.site/page/13/
https://ukijumotahaneniarukenia.site/page/14/	https://ukijumotahaneniarukenia.site/page/14/
https://ukijumotahaneniarukenia.site/page/15/	https://ukijumotahaneniarukenia.site/page/15/
https://ukijumotahaneniarukenia.site/page/16/	https://ukijumotahaneniarukenia.site/page/16/
https://ukijumotahaneniarukenia.site/page/17/	https://ukijumotahaneniarukenia.site/page/17/
https://ukijumotahaneniarukenia.site/page/18/	https://ukijumotahaneniarukenia.site/page/18/
https://ukijumotahaneniarukenia.site/page/2/	https://ukijumotahaneniarukenia.site/page/2/
https://ukijumotahaneniarukenia.site/page/3/	https://ukijumotahaneniarukenia.site/page/3/
https://ukijumotahaneniarukenia.site/page/4/	https://ukijumotahaneniarukenia.site/page/4/
https://ukijumotahaneniarukenia.site/page/5/	https://ukijumotahaneniarukenia.site/page/5/
https://ukijumotahaneniarukenia.site/page/6/	https://ukijumotahaneniarukenia.site/page/6/
https://ukijumotahaneniarukenia.site/page/7/	https://ukijumotahaneniarukenia.site/page/7/
https://ukijumotahaneniarukenia.site/page/8/	https://ukijumotahaneniarukenia.site/page/8/
https://ukijumotahaneniarukenia.site/page/9/	https://ukijumotahaneniarukenia.site/page/9/
https://wordpress.org/	https://wordpress.org/
