2019年末版 形態素解析器の比較	https://qiita.com/hi-asano/items/aaf406db875f1c81530e	2019/12/16	mecab,NLP,形態素解析,JUMAN	hi-asano
自然言語処理関連まとめ	https://qiita.com/meshidenn/items/911437c47ccfd96694b5	2020/02/02	自然言語処理	meshidenn
docker向けRHLE系のbase imageを作る	https://qiita.com/tnaoto/items/f9e7f72a63670f1ecda7	2013/12/10	Docker,RHEL	tnaoto
Perl ワンライナーとその仲間たち	https://qiita.com/teckl/items/98de382787401d2392c3	2018/12/18	Perl,shell,OneLiner,ワンライナー	teckl
正規表現の可視化ツールRegulexを使おう！	https://qiita.com/yucatio/items/e980550814f66b3450dd	2020/03/02	JavaScript,正規表現	yucatio
自然言語からSQLを自動生成するDeep Learning技術	https://qiita.com/Inowe2457/items/562ef5312cc598711a6c	2020/01/31	SQL,自然言語処理,深層学習	Inowe2457
Go言語のエラーハンドリングについて	https://qiita.com/nayuneko/items/3c0b3c0de9e8b27c9548	2016/05/07		nayuneko
Faker(java)で色々なテスト用のダミーデータを生成する	https://qiita.com/mkyz08/items/7c509e08fcee758936e4	2018/10/08	Jav	mkyz08
Pythonのfakerで日本語テストデータを生成する	https://qiita.com/ohbarye/items/452fefa2be5d56268b50	2015/04/28	Python,テスト	ohbarye
PostgreSQLのbackup, restore方法まとめ	https://qiita.com/rice_american/items/ceae28dad13c3977e3a8	2014/05/25		rice_american
pytorch超入門	https://qiita.com/miyamotok0105/items/1fd1d5c3532b174720cd	2017/03/12	Python,機械学習,MachineLearning,DeepLearning	miyamotok0105
Apache Benchでサクッと性能テスト	https://qiita.com/flexfirm/items/ac5a2f53cfa933a37192	2014/10/22	HTML,Apache,AWS,Web	flexfirm
負荷テスト・パフォーマンス測定ツールのJMeterのインストールと簡単な使い方	https://qiita.com/PlanetMeron/items/a604645d6f89b6ce3a14	2015/10/04	J	PlanetMeron
Sequel ProでMySQLにログインできない	https://qiita.com/yusuke_dev/items/7f0ca12ced72363f9448	2018/09/01	MySQL,SequelPro	yusuke_dev
apache pdfboxでPDFの中身のテキストを抜き出す話	https://qiita.com/arc279/items/5b6cf2d0b24ce5a50cae	2018/02/07	Docke	arc279
KibanaのVisualizeで利用しているIndex Patternsをまとめて変更する	https://qiita.com/NAO_MK2/items/2d03d9db1cd7b0ceae04	2018/01/08		NAO_MK2
初めてのElasticsearch with Docker	https://qiita.com/kiyokiyo_kzsby/items/344fb2e9aead158a5545	2019/08/15	Elasticsearch,D	kiyokiyo_kzsby
dictで一つのキーに複数の値を持ちたい時の実装方法	https://qiita.com/tag1216/items/b2765e9e87025c01e57f	2017/12/04	Python,AdventCalendar,Python3	tag1216
実用 perl ワンライナー	https://qiita.com/ohtsuka1317/items/92c339a65533e1e6c6fc	2017/06/03		ohtsuka1317
jq で日付の連番を生成	https://qiita.com/arc279/items/436d8e7b8653848406e3	2019/12/18		arc279
docker + fluentd + Elasticsearch + kibana4 で構築するお手軽NetFlowアナライザ	https://qiita.com/skjune12/items/d88a8eb32794865afcd3	2015/12/13	Fluentd,Elasticsearch,Docker,Kibana	skjune12
Mroongaの全文検索がいい感じだった	https://qiita.com/nayuneko/items/e1d4cad31b9ec23fd12c	2019/01/24	MySQL	nayuneko
jq で unnest したい	https://qiita.com/arc279/items/00b353428120f48a9e06	2020/02/06		arc279
jqでcsvをjsonに変換する	https://qiita.com/shobyshoby/items/68204f8567efbd32d705	2015/04/03		shobyshoby
jq で エポックミリ秒を変換したい	https://qiita.com/sutoh/items/350bb96a06cb237f54af	2017/04/18		sutoh
ネストした json のキーを辿る	https://qiita.com/arc279/items/e328e97032c962a6947e	2020/02/06	JSON	arc279
Linuxでのファイルの比較(commコマンドを図示化してみた話)	https://qiita.com/mumian1014/items/bb71b0520e457f3b2466	2019/02/16	Linux,Linuxコマンド	mumian1014
Nuxt.js と簡易 api サーバで簡単な Guestbook みたいの作ってみる	https://qiita.com/cortyuming/items/3257ccc7936acf1a7989	2018/01/12	JavaScript,Vue	cortyuming
Nuxt.jsでaxiosを使ってサクッと小さなアプリを作る	https://qiita.com/mgr/items/f2193fd21765be1d34c2	2018/12/30	JavaScript,Vue	mgr
高速なデスクトップ英語辞書ツールを作った物語（英語コピ郎君）	https://qiita.com/youwht/items/7f5686a30eed16864954	2019/06/09	Python,English,Python3,Tkinter	youwht
検索エンジンまわりでの重要語リスト	https://qiita.com/mogulla3/items/23aaffbe29c4e600876d	2014/11/29		mogulla3
Groongaの特徴	https://qiita.com/groonga/items/98b526802a6e9a0d44ae	2014/12/01		groonga
DBeaver使い方メモ	https://qiita.com/12345/items/48f6856e32fd618ea307	2020/02/13	SQLServer,PostgreSQL	12345
DBeaverのインストールとPostgreSQLへの接続	https://qiita.com/Ryooota/items/755e249f5241d2c964e6	2019/06/08	Mac,PostgreSQL	Ryooota
Node.js Stream を使いこなす	https://qiita.com/masakura/items/5683e8e3e655bfda6756	2017/07/19		masakura
DB2 Docker 起動手順書	https://qiita.com/skkojiko/items/18bb013cee7ccd4fd3a6	2020/01/30	db2	skkojiko
上司からの「Windows × Nginx でSSL環境つくっておいて」を5分で終わらせる	https://qiita.com/ytanto/items/258d567314cb4ad07457	2018/03/12	Windows,nginx,SSL	ytanto
【動画付き】 draw.io 使い方まとめ 〜エンジニアでなくても使えるTips集〜	https://qiita.com/G-awa/items/8fd414700b68b2bcafcc	2020/02/09	JavaScript,Node.js,GoogleSpreadSheet,Draw.io	G-awa
TeamSQL もいいけど、 DBeaver もいいぞ	https://qiita.com/nanasess/items/609c7cda4adee344221c	2018/09/26	MySQL,SQLServer,PostgreSQL,oracl	nanasess
AtCoder に登録したら解くべき精選過去問 10 問を JavaScript で解いてみた	https://qiita.com/ytanto/items/caf7bf0ba287da81b20f	2018/03/19	JavaScript,Node.js,AtCoder	ytanto
