Raspberry PiでおうちKubernetes構築【論理編】	https://qiita.com/go_vargo/items/29f6d832ea0a289b4778	2018/12/31	Docker,kubernetes,Raspberrypi3	go_vargo
良い子のためのKubernetesガイド	https://qiita.com/gusya_the_fool/items/93077ebb58ea44fbc460	2019/01/18	Doc	gusya_the_fool
12cからレコード型のコレクションでもテーブル表現が使えるぞ (Oracle)	https://qiita.com/tlokweng/items/facebb2b7cb478df5625	2019/01/16	SQL,oracle,plsql,コレクション	tlokweng
パーティションを移動するとインデックスが無効化されるお話（Oracle）	https://qiita.com/mkyz08/items/54394141e84d21dec665	2018/12/24		mkyz08
表のオンライン再定義(DBMS_REDEFINITION)で、データを更新しながら RANGE PARTITION＆グローバル索引 -> HASH PARTITION＆ローカル索引への定義変更をやってみる。(Oracle Database)	https://qiita.com/ora_gonsuke777/items/5754c18a6609ec295d8f	2018/09/29	oracl	ora_gonsuke777
Oracle Database 18c マニュアルのマニュアル（※よく使うマニュアルのリンク集）【Oracle Database or GoldenGate Advent Calendar 2018 Day 23】	https://qiita.com/ora_gonsuke777/items/3005d4ba408b233e85f0	2018/12/24	oracl	ora_gonsuke777
Oracle Database 12cR2(12.2)だとTABLEファンクションのTABLE句が省略できるらしいのでDBMS_XPLANで試してみる。	https://qiita.com/ora_gonsuke777/items/321223343ced2048bc99	2018/01/24	SQL,oracl	ora_gonsuke777
Oracle DatabaseでSQLの性能計測1(SET AUTOTRACE TRACEONLY と SET TIMING ON編)【Oracle Database or GoldenGate Advent Calendar 2018 Day 1】	https://qiita.com/ora_gonsuke777/items/40cf474735bf3a4534ab	2018/12/01	oracl	ora_gonsuke777
Oracle DatabaseでSQLの性能計測2(DBMS_XPLAN＆DBMS_SQLTUNE編)【Oracle Database or GoldenGate Advent Calendar 2018 Day 8】	https://qiita.com/ora_gonsuke777/items/1edfa019dde97f187255	2018/12/13	oracl	ora_gonsuke777
osquery ですべての Linux コマンド操作を SQL 化する	https://qiita.com/navitime_tech/items/655b645b845ac83af00e	2018/12/10	SQL,JSON,Linuxコマンド	navitime_tech
単一SQLクエリで穴掘り法や壁伸ばし法を使って迷路をちゃんと作ってみる	https://qiita.com/tlokweng/items/135b6333a956c1a88adb	2018/12/06	SQL,PostgreSQL,orac	tlokweng
Oracle Database 12c の OFFSET / FETCH 句を試す	https://qiita.com/plusultra/items/add5d997a0ec02a08955	2017/10/19	SQL	plusultra
意外と解説がない！動的計画法で得た最適解を「復元」する一般的な方法	https://qiita.com/drken/items/0c7bab0384438f285f93	2018/11/20	アルゴリズム,最適化,競技プログラミング,動的計画法	drken
結局末尾再帰ってなんなんだよ！！って人は見て	https://qiita.com/katokonn1020/items/ecb8f55e3d24489908df	2018/10/29	Scal	katokonn1020
末尾再帰による最適化	https://qiita.com/pebblip/items/cf8d3230969b2f6b3132	2015/10/04	JavaScript,es6	pebblip
安定性のパターン大全 (とその実装)	https://qiita.com/kawasima/items/2336a310113b0486ff67	2017/12/07	Java,timeout,retry,Failsaf	kawasima
これだけ覚えておけばOK！シェルスクリプトで冪等性を担保するためのTips集	https://qiita.com/yn-misaki/items/3ec0605cba228a7d5c9a	2016/09/26	ShellScript,tips,Provisioning	yn-misaki
宣教師と人食い人種の問題をGolangで再帰するクロージャ使って書いてみた。	https://qiita.com/jun68ykt/items/2b7d788d21a4cc5c9a56	2017/12/11	Go,再帰,クロージャ	jun68ykt
ずんだの菱形アルファベット問題 Python3 & SQL編	https://qiita.com/neko_the_shadow/items/532f7a48cf384b3f23bf	2018/11/06	SQL	neko_the_shadow
単一SQLクエリでハノイの塔を解いてみよう	https://qiita.com/tlokweng/items/f8c2afb54d6f181d7f49	2018/11/06	MySQL,SQL,PostgreSQL,orac	tlokweng
不思議の国のSE用語	https://qiita.com/t_nakayama0714/items/478a8ed3a9ae143ad854	2016/01/08	ポエム,Se,エンジニア,新人プログラマ応援	t_nakayama0714
‪実世界で超頻出！二部マッチング (輸送問題、ネットワークフロー問題）の解法を総整理！‬	https://qiita.com/drken/items/e805e3f514acceb87602	2018/01/31	アルゴリズム,最適化,競技プログラミング,グラフ理論	drken
オラクルの単一SQLクエリでパスカルの三角形をいくつか	https://qiita.com/tlokweng/items/29c92e97c036682db3ab	2018/10/31	SQL,oracle,パスカルの三角形	tlokweng
日付FROM-TOのデータを穴埋めする	https://qiita.com/kawasima/items/8df8611904df6c985a95	2017/06/16	SQL	kawasima
業務システムにおけるロールベースアクセス制御	https://qiita.com/kawasima/items/8dd7eda743f2fdcad78e	2015/12/02	Java,SQLアンチパターン,NinjaFramework,権限管理	kawasima
変化値と合計値をもつテーブルの最新分から、各行逆算する SQL	https://qiita.com/jiz/items/6a33fbd64ca2e33811fa	2018/02/23	SQL,oracl	jiz
排他制御（楽観ロック・悲観ロック）の基礎	https://qiita.com/NagaokaKenichi/items/73040df85b7bd4e9ecfc	2018/04/08	SQL,DB,アーキテクチャ,排他制御	NagaokaKenichi
Oracle SQL 連番や連続した日付を取得	https://qiita.com/Papageno/items/00cf44596ce2e871cc91	2018/02/10	SQL,oracle,Sqlplus,連番	Papageno
行間比較(参照)によるグループ化SQL演習 (解答編)	https://qiita.com/tlokweng/items/d2da11804af273e2c8ff	2018/09/27	SQL,oracle,グループ化,行間参照	tlokweng
12cR2の新機能LISTAGGオーバーフローコントロールを他のバージョンでも使える単一SQLクエリで書いてみる	https://qiita.com/tlokweng/items/6663990cd8d87ac21732	2018/02/27	SQL,orac	tlokweng
Oracleでカンマ区切りの文字列カラム(Jaywalking)に遭遇したときの対処法	https://qiita.com/tlokweng/items/183ca87c32ee0e3caa09	2018/03/09	SQL,oracle,アンチパターン	tlokweng
分析関数（ウインドウ関数）をわかりやすく説明してみた	https://qiita.com/tlokweng/items/fc13dc30cc1aa28231c5	2018/04/17	MySQL,SQL,oracle,ウィンドウ	tlokweng
ダイナミックSQLを生成し実行結果を得る単一SQL ステートメントの作り方(Oracle)	https://qiita.com/tlokweng/items/ead23e3ebd194f0fe851	2018/05/08	XML,SQL,oracle,XMLTABLE	tlokweng
