000-00	1	value
000-00	0	Javaのソースで見つけた ...(点3つ) って何？から知る可変長引数
000-00	1	https://qiita.com/ponsuke0531/items/f0fc923cdbf2ed987013
000-00	0	Java
000-00	1	https://qiita.com/tags/java
001-00	0	Java 8 Stream API にテキストを流してみて（中間操作編）
001-00	1	https://qiita.com/kumazo/items/104fa685da8705b8cfd8
001-00	0	Java
001-00	1	https://qiita.com/tags/java
001-01	0	java8
001-01	1	https://qiita.com/tags/java8
001-02	0	Stream
001-02	1	https://qiita.com/tags/stream
001-03	0	テキスト処理
001-03	1	https://qiita.com/tags/%e3%83%86%e3%82%ad%e3%82%b9%e3%83%88%e5%87%a6%e7%90%86
002-00	0	Java 8 Stream API にテキストを流してみる（生成編）
002-00	1	https://qiita.com/kumazo/items/0876c5b251ecc131c960
002-00	0	Java
002-00	1	https://qiita.com/tags/java
002-01	0	テキスト
002-01	1	https://qiita.com/tags/%e3%83%86%e3%82%ad%e3%82%b9%e3%83%88
002-02	0	Stream
002-02	1	https://qiita.com/tags/stream
003-00	0	java.util.function以下の関数インターフェース使い方メモ
003-00	1	https://qiita.com/opengl-8080/items/22c4405a38127ed86a31
003-00	0	Java
003-00	1	https://qiita.com/tags/java
004-00	0	Java8のFunction, Consumer, Supplier, Predicateの調査
004-00	1	https://qiita.com/subaru44k/items/c55d9b9fc419f0d09c64
004-00	0	Java
004-00	1	https://qiita.com/tags/java
004-01	0	java8
004-01	1	https://qiita.com/tags/java8
005-00	0	Java8のラムダ式を理解する
005-00	1	https://qiita.com/sano1202/items/64593e8e981e8d6439d3
005-00	0	Java
005-00	1	https://qiita.com/tags/java
005-01	0	lambda
005-01	1	https://qiita.com/tags/lambda
005-02	0	java8
005-02	1	https://qiita.com/tags/java8
005-03	0	StreamAPI
005-03	1	https://qiita.com/tags/streamapi
006-00	0	「Dictの値をキーにキーを集計し、集計されたキーに対して任意の関数を実行したDictを返す」をJava8でやってみたら「[Java 8][Stream API] オブジェクトの List から Map を生成する方法を模索する」がすっきり書けた
006-00	1	https://qiita.com/tag1216/items/27805a6f105f2125c1fa
006-00	0	Java
006-00	1	https://qiita.com/tags/java
006-01	0	Elixir
006-01	1	https://qiita.com/tags/elixir
006-02	0	java8
006-02	1	https://qiita.com/tags/java8
007-00	0	JythonでJavaからPythonを使う。あとハマったこと。
007-00	1	https://qiita.com/ota-meshi/items/76f4a65e9bd2fe0e2f68
007-00	0	Java
007-00	1	https://qiita.com/tags/java
007-01	0	Python
007-01	1	https://qiita.com/tags/python
007-02	0	Jython
007-02	1	https://qiita.com/tags/jython
008-00	0	pythonのアンダーバーこれなんやねん
008-00	1	https://qiita.com/kiii142/items/6879cb065ad4c5f0b901
008-00	0	Python
008-00	1	https://qiita.com/tags/python
008-01	0	初心者
008-01	1	https://qiita.com/tags/%e5%88%9d%e5%bf%83%e8%80%85
009-00	0	ターミナルマルチプレクサ tmux をカスタマイズする
009-00	1	https://qiita.com/b4b4r07/items/01359e8a3066d1c37edc
009-00	0	Vim
009-00	1	https://qiita.com/tags/vim
009-01	0	Bash
009-01	1	https://qiita.com/tags/bash
009-02	0	Zsh
009-02	1	https://qiita.com/tags/zsh
009-03	0	tmux
009-03	1	https://qiita.com/tags/tmux
010-00	0	UbuntuやCentOSに最新のtmuxを導入する
010-00	1	https://qiita.com/ha4gu/items/aebe9207904f52ee4fb6
010-00	0	CentOS
010-00	1	https://qiita.com/tags/centos
010-01	0	Ubuntu
010-01	1	https://qiita.com/tags/ubuntu
010-02	0	tmux
010-02	1	https://qiita.com/tags/tmux
010-03	0	ubuntu18.04
010-03	1	https://qiita.com/tags/ubuntu18.04
010-04	0	Ubuntu19.04
010-04	1	https://qiita.com/tags/ubuntu19.04
011-00	0	Goで青空文庫の小説からWordCloud作ってみた
011-00	1	https://qiita.com/ogady/items/78b40aa8780edf234c5f
011-00	0	Go
011-00	1	https://qiita.com/tags/go
012-00	0	perlの関数を第一級オブジェクトとして扱う話
012-00	1	https://qiita.com/magnolia_k_/items/b0a14e29c8090568f5b3
012-00	0	Perl
012-00	1	https://qiita.com/tags/perl
013-00	0	MeCab用化学物質辞書を入れてみた-MeCab(R/Python) Windows10 64bit
013-00	1	https://qiita.com/zincjp/items/7e4847aa2fa5f87b7646
013-00	0	Python
013-00	1	https://qiita.com/tags/python
013-01	0	R
013-01	1	https://qiita.com/tags/r
013-02	0	mecab
013-02	1	https://qiita.com/tags/mecab
013-03	0	Windows10
013-03	1	https://qiita.com/tags/windows10
014-00	0	2019年末版 形態素解析器の比較
014-00	1	https://qiita.com/hi-asano/items/aaf406db875f1c81530e
014-00	0	mecab
014-00	1	https://qiita.com/tags/mecab
014-01	0	NLP
014-01	1	https://qiita.com/tags/nlp
014-02	0	形態素解析
014-02	1	https://qiita.com/tags/%e5%bd%a2%e6%85%8b%e7%b4%a0%e8%a7%a3%e6%9e%90
014-03	0	JUMAN
014-03	1	https://qiita.com/tags/juman
014-04	0	Sudachi
014-04	1	https://qiita.com/tags/sudachi
015-00	0	自然言語処理関連まとめ
015-00	1	https://qiita.com/meshidenn/items/911437c47ccfd96694b5
015-00	0	自然言語処理
015-00	1	https://qiita.com/tags/%e8%87%aa%e7%84%b6%e8%a8%80%e8%aa%9e%e5%87%a6%e7%90%86
015-01	0	NLP
015-01	1	https://qiita.com/tags/nlp
016-00	0	docker向けRHLE系のbase imageを作る
016-00	1	https://qiita.com/tnaoto/items/f9e7f72a63670f1ecda7
016-00	0	Docker
016-00	1	https://qiita.com/tags/docker
016-01	0	RHEL
016-01	1	https://qiita.com/tags/rhel
016-02	0	CentOS6.5
016-02	1	https://qiita.com/tags/centos6.5
017-00	0	Perl ワンライナーとその仲間たち
017-00	1	https://qiita.com/teckl/items/98de382787401d2392c3
017-00	0	Perl
017-00	1	https://qiita.com/tags/perl
017-01	0	shell
017-01	1	https://qiita.com/tags/shell
017-02	0	OneLiner
017-02	1	https://qiita.com/tags/oneliner
017-03	0	ワンライナー
017-03	1	https://qiita.com/tags/%e3%83%af%e3%83%b3%e3%83%a9%e3%82%a4%e3%83%8a%e3%83%bc
017-04	0	シェル芸
017-04	1	https://qiita.com/tags/%e3%82%b7%e3%82%a7%e3%83%ab%e8%8a%b8
018-00	0	正規表現の可視化ツールRegulexを使おう！
018-00	1	https://qiita.com/yucatio/items/e980550814f66b3450dd
018-00	0	JavaScript
018-00	1	https://qiita.com/tags/javascript
018-01	0	正規表現
018-01	1	https://qiita.com/tags/%e6%ad%a3%e8%a6%8f%e8%a1%a8%e7%8f%be
018-02	0	regularexpression
018-02	1	https://qiita.com/tags/regularexpression
019-00	0	自然言語からSQLを自動生成するDeep Learning技術
019-00	1	https://qiita.com/Inowe2457/items/562ef5312cc598711a6c
019-00	0	SQL
019-00	1	https://qiita.com/tags/sql
019-01	0	自然言語処理
019-01	1	https://qiita.com/tags/%e8%87%aa%e7%84%b6%e8%a8%80%e8%aa%9e%e5%87%a6%e7%90%86
019-02	0	深層学習
019-02	1	https://qiita.com/tags/%e6%b7%b1%e5%b1%a4%e5%ad%a6%e7%bf%92
019-03	0	論文読み
019-03	1	https://qiita.com/tags/%e8%ab%96%e6%96%87%e8%aa%ad%e3%81%bf
020-00	0	Go言語のエラーハンドリングについて
020-00	1	https://qiita.com/nayuneko/items/3c0b3c0de9e8b27c9548
020-00	0	Go
020-00	1	https://qiita.com/tags/go
021-00	0	Faker(java)で色々なテスト用のダミーデータを生成する
021-00	1	https://qiita.com/mkyz08/items/7c509e08fcee758936e4
021-00	0	Java
021-00	1	https://qiita.com/tags/java
021-01	0	Faker
021-01	1	https://qiita.com/tags/faker
022-00	0	Pythonのfakerで日本語テストデータを生成する
022-00	1	https://qiita.com/ohbarye/items/452fefa2be5d56268b50
022-00	0	Python
022-00	1	https://qiita.com/tags/python
022-01	0	テスト
022-01	1	https://qiita.com/tags/%e3%83%86%e3%82%b9%e3%83%88
022-02	0	Faker
022-02	1	https://qiita.com/tags/faker
023-00	0	PostgreSQLのbackup, restore方法まとめ
023-00	1	https://qiita.com/rice_american/items/ceae28dad13c3977e3a8
023-00	0	PostgreSQL
023-00	1	https://qiita.com/tags/postgresql
024-00	0	pytorch超入門
024-00	1	https://qiita.com/miyamotok0105/items/1fd1d5c3532b174720cd
024-00	0	Python
024-00	1	https://qiita.com/tags/python
024-01	0	機械学習
024-01	1	https://qiita.com/tags/%e6%a9%9f%e6%a2%b0%e5%ad%a6%e7%bf%92
024-02	0	MachineLearning
024-02	1	https://qiita.com/tags/machinelearning
024-03	0	DeepLearning
024-03	1	https://qiita.com/tags/deeplearning
024-04	0	ディープラーニング
024-04	1	https://qiita.com/tags/%e3%83%87%e3%82%a3%e3%83%bc%e3%83%97%e3%83%a9%e3%83%bc%e3%83%8b%e3%83%b3%e3%82%b0
025-00	0	Apache Benchでサクッと性能テスト
025-00	1	https://qiita.com/flexfirm/items/ac5a2f53cfa933a37192
025-00	0	HTML
025-00	1	https://qiita.com/tags/html
025-01	0	Apache
025-01	1	https://qiita.com/tags/apache
025-02	0	AWS
025-02	1	https://qiita.com/tags/aws
025-03	0	Web
025-03	1	https://qiita.com/tags/web
025-04	0	サーバー
025-04	1	https://qiita.com/tags/%e3%82%b5%e3%83%bc%e3%83%90%e3%83%bc
026-00	0	負荷テスト・パフォーマンス測定ツールのJMeterのインストールと簡単な使い方
026-00	1	https://qiita.com/PlanetMeron/items/a604645d6f89b6ce3a14
026-00	0	JMeter
026-00	1	https://qiita.com/tags/jmeter
026-01	0	負荷テスト
026-01	1	https://qiita.com/tags/%e8%b2%a0%e8%8d%b7%e3%83%86%e3%82%b9%e3%83%88
027-00	0	Sequel ProでMySQLにログインできない
027-00	1	https://qiita.com/yusuke_dev/items/7f0ca12ced72363f9448
027-00	0	MySQL
027-00	1	https://qiita.com/tags/mysql
027-01	0	SequelPro
027-01	1	https://qiita.com/tags/sequelpro
027-02	0	MySQL8.0
027-02	1	https://qiita.com/tags/mysql8.0
028-00	0	apache pdfboxでPDFの中身のテキストを抜き出す話
028-00	1	https://qiita.com/arc279/items/5b6cf2d0b24ce5a50cae
028-00	0	Docker
028-00	1	https://qiita.com/tags/docker
028-01	0	pdfBox
028-01	1	https://qiita.com/tags/pdfbox
029-00	0	KibanaのVisualizeで利用しているIndex Patternsをまとめて変更する
029-00	1	https://qiita.com/NAO_MK2/items/2d03d9db1cd7b0ceae04
029-00	0	Kibana
029-00	1	https://qiita.com/tags/kibana
029-01	0	Kibana6
029-01	1	https://qiita.com/tags/kibana6
030-00	0	初めてのElasticsearch with Docker
030-00	1	https://qiita.com/kiyokiyo_kzsby/items/344fb2e9aead158a5545
030-00	0	Elasticsearch
030-00	1	https://qiita.com/tags/elasticsearch
030-01	0	Docker
030-01	1	https://qiita.com/tags/docker
030-02	0	docker-compose
030-02	1	https://qiita.com/tags/docker-compose
031-00	0	dictで一つのキーに複数の値を持ちたい時の実装方法
031-00	1	https://qiita.com/tag1216/items/b2765e9e87025c01e57f
031-00	0	Python
031-00	1	https://qiita.com/tags/python
031-01	0	AdventCalendar
031-01	1	https://qiita.com/tags/adventcalendar
031-02	0	Python3
031-02	1	https://qiita.com/tags/python3
031-03	0	Python2
031-03	1	https://qiita.com/tags/python2
032-00	0	実用 perl ワンライナー
032-00	1	https://qiita.com/ohtsuka1317/items/92c339a65533e1e6c6fc
032-00	0	Perl
032-00	1	https://qiita.com/tags/perl
033-00	0	jq で日付の連番を生成
033-00	1	https://qiita.com/arc279/items/436d8e7b8653848406e3
033-00	0	jq
033-00	1	https://qiita.com/tags/jq
034-00	0	docker + fluentd + Elasticsearch + kibana4 で構築するお手軽NetFlowアナライザ
034-00	1	https://qiita.com/skjune12/items/d88a8eb32794865afcd3
034-00	0	Fluentd
034-00	1	https://qiita.com/tags/fluentd
034-01	0	Elasticsearch
034-01	1	https://qiita.com/tags/elasticsearch
034-02	0	Docker
034-02	1	https://qiita.com/tags/docker
034-03	0	Kibana
034-03	1	https://qiita.com/tags/kibana
034-04	0	docker-compose
034-04	1	https://qiita.com/tags/docker-compose
035-00	0	Mroongaの全文検索がいい感じだった
035-00	1	https://qiita.com/nayuneko/items/e1d4cad31b9ec23fd12c
035-00	0	MySQL
035-00	1	https://qiita.com/tags/mysql
035-01	0	mroonga
035-01	1	https://qiita.com/tags/mroonga
036-00	0	jq で unnest したい
036-00	1	https://qiita.com/arc279/items/00b353428120f48a9e06
036-00	0	jq
036-00	1	https://qiita.com/tags/jq
037-00	0	jqでcsvをjsonに変換する
037-00	1	https://qiita.com/shobyshoby/items/68204f8567efbd32d705
037-00	0	jq
037-00	1	https://qiita.com/tags/jq
038-00	0	jq で エポックミリ秒を変換したい
038-00	1	https://qiita.com/sutoh/items/350bb96a06cb237f54af
038-00	0	jq
038-00	1	https://qiita.com/tags/jq
039-00	0	ネストした json のキーを辿る
039-00	1	https://qiita.com/arc279/items/e328e97032c962a6947e
039-00	0	JSON
039-00	1	https://qiita.com/tags/json
039-01	0	jq
039-01	1	https://qiita.com/tags/jq
