行番号	キー	バリュー
000-00	Vim,vimrcを分割した	https://qiita.com/mrtry/items/66c432dd79ddcaae6066,https://qiita.com/tags/vim,value
000-01	vimrc	https://qiita.com/tags/vimrc
000-02	dein.vim	https://qiita.com/tags/dein.vim
001-00	Vim,初心者向け　Vimでクリップボード連携(コピー&ペースト)する方法	https://qiita.com/iwaseasahi/items/a45b99a484966662adbe,https://qiita.com/tags/vim
001-01	初心者	https://qiita.com/tags/%e5%88%9d%e5%bf%83%e8%80%85
001-02	クリップボード	https://qiita.com/tags/%e3%82%af%e3%83%aa%e3%83%83%e3%83%97%e3%83%9c%e3%83%bc%e3%83%89
002-00	Linux,sarコマンドにおけるサマリ（随時追記）	https://qiita.com/kojisaiki/items/4151b2d6bd96daf721fa,https://qiita.com/tags/linux
002-01	CentOS	https://qiita.com/tags/centos
002-02	redhat	https://qiita.com/tags/redhat
003-00	Linux,linuxのsarコマンド	https://qiita.com/kawakamasu/items/0f67ffc2650f074b497a,https://qiita.com/tags/linux
003-01	sar	https://qiita.com/tags/sar
003-02	Linuxコマンド	https://qiita.com/tags/linux%e3%82%b3%e3%83%9e%e3%83%b3%e3%83%89
004-00	Linux,dstatの便利なオプションまとめ	https://qiita.com/harukasan/items/b18e484662943d834901,https://qiita.com/tags/linux
004-01	Debian	https://qiita.com/tags/debian
004-02	dstat	https://qiita.com/tags/dstat
005-00	ShellScript,shell scriptで現在のディレクトリを変更して移動する	https://qiita.com/mattak/items/bd159863be10b0ae81d8,https://qiita.com/tags/shellscript
006-00	Vim,vimrcの設定方法をカテゴリ毎にまとめてみた	https://qiita.com/KeitaNakamura/items/a289822827c8655b2dcd,https://qiita.com/tags/vim
006-01	vimrc	https://qiita.com/tags/vimrc
006-02	初心者	https://qiita.com/tags/%e5%88%9d%e5%bf%83%e8%80%85
006-03	新人プログラマ応援	https://qiita.com/tags/%e6%96%b0%e4%ba%ba%e3%83%97%e3%83%ad%e3%82%b0%e3%83%a9%e3%83%9e%e5%bf%9c%e6%8f%b4
007-00	Vim,初心者向け vimrcの設定方法	https://qiita.com/iwaseasahi/items/0b2da68269397906c14c,https://qiita.com/tags/vim
007-01	vimrc	https://qiita.com/tags/vimrc
007-02	初心者	https://qiita.com/tags/%e5%88%9d%e5%bf%83%e8%80%85
007-03	カスタマイズ	https://qiita.com/tags/%e3%82%ab%e3%82%b9%e3%82%bf%e3%83%9e%e3%82%a4%e3%82%ba
008-00	Windows,管理者権限でメモ帳を開いてhostsを編集するコマンド	https://qiita.com/tags/windows,https://qiita.com/tiibun/items/5719869552ee5b713d83
008-01	hosts	https://qiita.com/tags/hosts
008-02	PowerShell	https://qiita.com/tags/powershell
008-03	メモ帳	https://qiita.com/tags/%e3%83%a1%e3%83%a2%e5%b8%b3
009-00	Linux,グローバルIPをcurlで確認	https://qiita.com/kanpou0108/items/734b947f5a95109e7bb9,https://qiita.com/tags/linux
009-01	curl	https://qiita.com/tags/curl
010-00	Bash,検索してファイルを消す時に高速に行う方法	https://qiita.com/iron-breaker/items/74a2ed1753587476157f,https://qiita.com/tags/bash
010-01	Linux	https://qiita.com/tags/linux
011-00	Bash,sed コマンドの用法	https://qiita.com/b4b4r07/items/d26e84554874dd156b82,https://qiita.com/tags/bash
012-00	Linux,sedでこういう時はどう書く?	https://qiita.com/hirohiro77/items/7fe2f68781c41777e507,https://qiita.com/tags/linux
012-01	shell	https://qiita.com/tags/shell
012-02	sed	https://qiita.com/tags/sed
013-00	oracle,拡張索引圧縮（HIGH）を試してみたら、クセが強かった	https://qiita.com/mkyz08/items/06fbe86c1eec3ba1d1a8,https://qiita.com/tags/oracle
013-01	oracle12c	https://qiita.com/tags/oracle12c
014-00	B-TREEインデックスの圧縮効果を試す（Oracle Database 12c Release 2),oracle	https://qiita.com/plusultra/items/35216e2277afc54bfdee,https://qiita.com/tags/oracle
014-01	oracle12c	https://qiita.com/tags/oracle12c
015-00	JavaScript,Node.js で Oracle DBのテーブル変更を検知する	https://qiita.com/nekijak/items/a37c3b62638dc123d561,https://qiita.com/tags/javascript
015-01	Node.js	https://qiita.com/tags/node.js
015-02	oracle	https://qiita.com/tags/oracle
015-03	oracle12c	https://qiita.com/tags/oracle12c
016-00	Debian,fdiskでDisk容量を拡張する	https://qiita.com/2or3/items/501f206a6091a4ce895f,https://qiita.com/tags/debian
017-00	Bash,awkコマンドの基本	https://qiita.com/tags/bash,https://qiita.com/yamazon/items/563af1b485ff413d381f
017-01	awk	https://qiita.com/tags/awk
018-00	Bash,シェル変数と環境変数の違いをコマンドラインで確認する	https://qiita.com/kure/items/f76d8242b97280a247a1,https://qiita.com/tags/bash
018-01	Linux	https://qiita.com/tags/linux
019-00	Linux,Linuxの対話がめんどくさい?そんな時こそ自動化だ！-expect編-	https://qiita.com/ine1127/items/cd6bc91174635016db9b,https://qiita.com/tags/linux
019-01	Tcl	https://qiita.com/tags/tcl
019-02	Expect	https://qiita.com/tags/expect
020-00	Docker,いまさらだけどDockerに入門したので分かりやすくまとめてみた	https://qiita.com/gold-kou/items/44860fbda1a34a001fc1,https://qiita.com/tags/docker
021-00	ShellScript,シェルスクリプトで親・子プロセスを判断する	https://qiita.com/b4b4r07/items/d4b64227084f1209285a,https://qiita.com/tags/shellscript
021-01	Bash	https://qiita.com/tags/bash
022-00	Bash,bashで変数を宣言する	https://qiita.com/tags/bash,https://qiita.com/toshiro3/items/647d7fc4a1d4e3232b66
023-00	Bash,世の中のエンジニアのalias設定	https://qiita.com/reireias/items/d906ab086c3bc4c22147,https://qiita.com/tags/bash
023-01	Zsh	https://qiita.com/tags/zsh
024-00	ShellScript,[Bash] scriptを読んだり書いたりする際に頭に入れておきたい基本構文	https://qiita.com/mizutsu/items/04423482273851ec4b8f,https://qiita.com/tags/shellscript
024-01	Bash	https://qiita.com/tags/bash
025-00	Vim,Vimで検索した時の選択ハイライトを消す	https://qiita.com/tags/vim,https://qiita.com/ysti/items/ac9ca59d76fc1d2099f6
026-00	ShellScript,curl コマンド 使い方メモ	https://qiita.com/tags/shellscript,https://qiita.com/yasuhiroki/items/a569d3371a66e365316f
026-01	curl	https://qiita.com/tags/curl
027-00	Bash,シェルスクリプトの中でjoin()とsplit()相当の事をやる	https://qiita.com/piroor/items/55ff672cb9f8e375e659,https://qiita.com/tags/bash
027-01	シェルスクリプト	https://qiita.com/tags/%e3%82%b7%e3%82%a7%e3%83%ab%e3%82%b9%e3%82%af%e3%83%aa%e3%83%97%e3%83%88
028-00	Bash,bashのブレース展開についてまとめ	https://qiita.com/ine1127/items/6e5fe80f4a9c64509558,https://qiita.com/tags/bash
028-01	Linux	https://qiita.com/tags/linux
029-00	Linux,Linuxのファイルシステムについて	https://qiita.com/kamihork/items/fbcd116a631324aae05d,https://qiita.com/tags/linux
029-01	i-node	https://qiita.com/tags/i-node
029-02	ファイルシステム	https://qiita.com/tags/%e3%83%95%e3%82%a1%e3%82%a4%e3%83%ab%e3%82%b7%e3%82%b9%e3%83%86%e3%83%a0
030-00	Linux,Linuxのファイルシステムについて勉強したメモ	https://qiita.com/tags/linux,https://qiita.com/toshihirock/items/ca717f8ad9c66ced4047
031-00	Linux,Linuxディスク関連コマンドまとめ	https://qiita.com/aosho235/items/ad9a4764e77ba43c9d76,https://qiita.com/tags/linux
032-00	Vim,自分のvimでやってきたことのまとめ	https://qiita.com/tags/vim,https://qiita.com/ykyk1218/items/ab1c89c4eb6a2f90333a
032-01	vimrc	https://qiita.com/tags/vimrc
033-00	Vim,vimはなぜjで下に移動するのか？ 〜vim初心者によるvim初心者のためのvim入門〜	https://qiita.com/morikooooo/items/34bb2466f98ab58f2e77,https://qiita.com/tags/vim
033-01	開発	https://qiita.com/tags/%e9%96%8b%e7%99%ba
033-02	vimrc	https://qiita.com/tags/vimrc
033-03	エディタ	https://qiita.com/tags/%e3%82%a8%e3%83%87%e3%82%a3%e3%82%bf
033-04	新人プログラマ応援	https://qiita.com/tags/%e6%96%b0%e4%ba%ba%e3%83%97%e3%83%ad%e3%82%b0%e3%83%a9%e3%83%9e%e5%bf%9c%e6%8f%b4
034-00	Vim,何も考えず~/.vimrcにこれを書くんだ！ 〜vim初心者によるvim初心者のためのvim入門〜	https://qiita.com/morikooooo/items/9fd41bcd8d1ce9170301,https://qiita.com/tags/vim
034-01	開発	https://qiita.com/tags/%e9%96%8b%e7%99%ba
034-02	vimrc	https://qiita.com/tags/vimrc
034-03	エディタ	https://qiita.com/tags/%e3%82%a8%e3%83%87%e3%82%a3%e3%82%bf
034-04	新人プログラマ応援	https://qiita.com/tags/%e6%96%b0%e4%ba%ba%e3%83%97%e3%83%ad%e3%82%b0%e3%83%a9%e3%83%9e%e5%bf%9c%e6%8f%b4
035-00	ShellScript,ほんのちょっとの工夫だけで、一歩便利なシェル生活(とその例)	https://qiita.com/m-yamashita/items/331e3b2634f33b349cc1,https://qiita.com/tags/shellscript
035-01	Bash	https://qiita.com/tags/bash
035-02	Git	https://qiita.com/tags/git
035-03	初心者	https://qiita.com/tags/%e5%88%9d%e5%bf%83%e8%80%85
035-04	Docker	https://qiita.com/tags/docker
036-00	Bash,俺のbash_profileがこんなにキモいわけない	https://qiita.com/joe_hirata/items/3d42a90d0df58a7e8497,https://qiita.com/tags/bash
036-01	Mac	https://qiita.com/tags/mac
036-02	Git	https://qiita.com/tags/git
036-03	ターミナル	https://qiita.com/tags/%e3%82%bf%e3%83%bc%e3%83%9f%e3%83%8a%e3%83%ab
036-04	alias	https://qiita.com/tags/alias
037-00	Vim,vimって極めればvscode並のIDEになるんじゃないの？	https://qiita.com/ryuta69/items/98901f4c4f0683e7aa57,https://qiita.com/tags/vim
037-01	vimrc	https://qiita.com/tags/vimrc
038-00	ShellScript,初心者向け、「上手い」シェルスクリプトの書き方メモ	https://qiita.com/m-yamashita/items/889c116b92dc0bf4ea7d,https://qiita.com/tags/shellscript
038-01	Bash	https://qiita.com/tags/bash
038-02	shell	https://qiita.com/tags/shell
038-03	Jenkins	https://qiita.com/tags/jenkins
038-04	初心者	https://qiita.com/tags/%e5%88%9d%e5%bf%83%e8%80%85
039-00	Linux,Linuxコマンドを連続して使うには	https://qiita.com/egawa_kun/items/714394609eef6be8e0bf,https://qiita.com/tags/linux
039-01	UNIX	https://qiita.com/tags/unix
