source	page	total-page	title	url
qiita	1	33	VSCodeでDraw.ioが使えるようになったらしい！	https://qiita.com/riku-shiru/items/5ab7c5aecdfea323ec4e
qiita	1	33	VSCode	https://qiita.com/tags/vscode
qiita	1	33	Draw.io	https://qiita.com/tags/draw.io
qiita	1	33	Gradle Shadow を使って fat JAR を作る手順	https://qiita.com/kmdsbng/items/ab093146a62afa34b739
qiita	1	33	gradle	https://qiita.com/tags/gradle
qiita	1	33	cron, at, batchでジョブスケジューリングしよう	https://qiita.com/pa_pa_paper/items/bf4b6a0e3485ddc838ce
qiita	1	33	Linux	https://qiita.com/tags/linux
qiita	1	33	gitconfig の基本を理解する	https://qiita.com/shionit/items/fb4a1a30538f8d335b35
qiita	1	33	Git	https://qiita.com/tags/git
qiita	1	33	gitconfig	https://qiita.com/tags/gitconfig
qiita	1	33	bash で sqlite3 をいじるためのメモ	https://qiita.com/arc279/items/bba7f6be362e376f06ab
qiita	1	33	Bash	https://qiita.com/tags/bash
qiita	1	33	SQLite3	https://qiita.com/tags/sqlite3
qiita	1	33	vscodeでRuby Solargraphを使用可能にするまで	https://qiita.com/tequila0725/items/8e93dc894e0ab67d322f
qiita	1	33	Ruby	https://qiita.com/tags/ruby
qiita	1	33	Mac	https://qiita.com/tags/mac
qiita	1	33	Gem	https://qiita.com/tags/gem
qiita	1	33	VSCode	https://qiita.com/tags/vscode
qiita	1	33	辞書をpd.DataFrameに変換	https://qiita.com/ShoheiKojima/items/30ee0925472b7b3e5d5c
qiita	1	33	Python	https://qiita.com/tags/python
qiita	1	33	pandas	https://qiita.com/tags/pandas
qiita	1	33	メルカリ「機械学習システムの設計パターン」を読んでみる	https://qiita.com/tomo_makes/items/df5375363cb14f937b75
qiita	1	33	機械学習	https://qiita.com/tags/%e6%a9%9f%e6%a2%b0%e5%ad%a6%e7%bf%92
qiita	1	33	MachineLearning	https://qiita.com/tags/machinelearning
qiita	1	33	DeepLearning	https://qiita.com/tags/deeplearning
qiita	1	33	深層学習	https://qiita.com/tags/%e6%b7%b1%e5%b1%a4%e5%ad%a6%e7%bf%92
qiita	1	33	MLOps	https://qiita.com/tags/mlops
qiita	1	33	100万件データをサーバーから取得してブラウザに表示させるのにSpring WebFlux使ったら初期描画が速くなると思ったのでやってみた	https://qiita.com/ota-meshi/items/2c01b118d9d1890cc97b
qiita	1	33	Java	https://qiita.com/tags/java
qiita	1	33	JavaScript	https://qiita.com/tags/javascript
qiita	1	33	spring	https://qiita.com/tags/spring
qiita	1	33	CheetahGrid	https://qiita.com/tags/cheetahgrid
qiita	1	33	WebFlux	https://qiita.com/tags/webflux
qiita	1	33	Apache Lucene 使い方メモ	https://qiita.com/opengl-8080/items/8762b7f328964bd1cd92
qiita	1	33	Java	https://qiita.com/tags/java
qiita	1	33	lucene	https://qiita.com/tags/lucene
qiita	1	33	全文検索	https://qiita.com/tags/%e5%85%a8%e6%96%87%e6%a4%9c%e7%b4%a2
qiita	1	33	検索エンジン	https://qiita.com/tags/%e6%a4%9c%e7%b4%a2%e3%82%a8%e3%83%b3%e3%82%b8%e3%83%b3
qiita	1	33	64-bit Windows で MeCab の Java バインディングを使いたい	https://qiita.com/kumazo/items/5c5c57d94b2080ffbb5a
qiita	1	33	Java	https://qiita.com/tags/java
qiita	1	33	mecab	https://qiita.com/tags/mecab
qiita	1	33	Docker	https://qiita.com/tags/docker
qiita	1	33	MinGW-w64	https://qiita.com/tags/mingw-w64
qiita	1	33	ラムダ式で３つ以上の引数に対応しよう	https://qiita.com/c-cho/items/3e44fb800d1572262807
qiita	1	33	Java	https://qiita.com/tags/java
qiita	1	33	java8	https://qiita.com/tags/java8
qiita	1	33	enumのおさらいメモ	https://qiita.com/rubytomato@github/items/6caa92eacdd812c867e5
qiita	1	33	Java	https://qiita.com/tags/java
qiita	1	33	言語処理100本ノック 2020を「Google Colaboratory」で楽々学習	https://qiita.com/karaage0703/items/e4694d184bc0c6c6684d
qiita	1	33	Python	https://qiita.com/tags/python
qiita	1	33	NLP	https://qiita.com/tags/nlp
qiita	1	33	言語処理100本ノック	https://qiita.com/tags/%e8%a8%80%e8%aa%9e%e5%87%a6%e7%90%86100%e6%9c%ac%e3%83%8e%e3%83%83%e3%82%af
qiita	1	33	言語処理系	https://qiita.com/tags/%e8%a8%80%e8%aa%9e%e5%87%a6%e7%90%86%e7%b3%bb
qiita	1	33	GoogleColaboratory	https://qiita.com/tags/googlecolaboratory
qiita	1	33	Collectors.toMapで任意のMapクラスを返す	https://qiita.com/shintaness/items/f4c0a446ac168c730b89
qiita	1	33	Java	https://qiita.com/tags/java
qiita	1	33	java8	https://qiita.com/tags/java8
qiita	1	33	StreamAPI	https://qiita.com/tags/streamapi
qiita	1	33	JAVAで文字列の類似度スコアを算出する	https://qiita.com/hakozaki/items/856230d3f8e29d3302d6
qiita	1	33	Java	https://qiita.com/tags/java
qiita	1	33	lucene	https://qiita.com/tags/lucene
qiita	1	33	類似度	https://qiita.com/tags/%e9%a1%9e%e4%bc%bc%e5%ba%a6
qiita	1	33	Levenshtein	https://qiita.com/tags/levenshtein
qiita	1	33	JaroWinkler	https://qiita.com/tags/jarowinkler
qiita	1	33	Java 11 で追加されたAPIの一覧とサンプルコード	https://qiita.com/YujiSoftware/items/72b0d1740392615e9ab6
qiita	1	33	Java	https://qiita.com/tags/java
qiita	1	33	WindowsアップデートでLinuxカーネルもアップデートされる時代に	https://qiita.com/nekia/items/65c0f7b3d268667ae470
qiita	1	33	開発環境	https://qiita.com/tags/%e9%96%8b%e7%99%ba%e7%92%b0%e5%a2%83
qiita	1	33	Docker	https://qiita.com/tags/docker
qiita	1	33	Windows10	https://qiita.com/tags/windows10
qiita	1	33	VSCode	https://qiita.com/tags/vscode
qiita	1	33	WSL2	https://qiita.com/tags/wsl2
qiita	1	33	「機械学習はデータ集めるのが一番大変・・・」⇛Googleが大量の機械学習用データベースを無料公開してた	https://qiita.com/ryuta69/items/90dd8d79b12e10606299
qiita	1	33	Python	https://qiita.com/tags/python
qiita	1	33	機械学習	https://qiita.com/tags/%e6%a9%9f%e6%a2%b0%e5%ad%a6%e7%bf%92
qiita	1	33	Python3	https://qiita.com/tags/python3
qiita	1	33	ツイートの文字数を **厳密に** 数える方法	https://qiita.com/PND/items/17e87b8839c9099d2e70
qiita	1	33	Python	https://qiita.com/tags/python
qiita	1	33	Twitter	https://qiita.com/tags/twitter
qiita	1	33	正規表現	https://qiita.com/tags/%e6%ad%a3%e8%a6%8f%e8%a1%a8%e7%8f%be
qiita	1	33	文字コード	https://qiita.com/tags/%e6%96%87%e5%ad%97%e3%82%b3%e3%83%bc%e3%83%89
qiita	1	33	unicode	https://qiita.com/tags/unicode
qiita	1	33	4歳娘「パパ、そんなときはクロージャが役に立つんじゃない？」	https://qiita.com/Yametaro/items/7a4521e23520947cc43e
qiita	1	33	JavaScript	https://qiita.com/tags/javascript
qiita	1	33	初心者	https://qiita.com/tags/%e5%88%9d%e5%bf%83%e8%80%85
qiita	1	33	ポエム	https://qiita.com/tags/%e3%83%9d%e3%82%a8%e3%83%a0
qiita	1	33	関数	https://qiita.com/tags/%e9%96%a2%e6%95%b0
qiita	1	33	クロージャ	https://qiita.com/tags/%e3%82%af%e3%83%ad%e3%83%bc%e3%82%b8%e3%83%a3
qiita	1	33	JSON から C#、TypeScript、Swift、Go などの型定義を生成してくれる VS Code 拡張機能	https://qiita.com/okazuki/items/42ebb8c0524a2e12cfd0
qiita	1	33	Go	https://qiita.com/tags/go
qiita	1	33	C#	https://qiita.com/tags/csharp
qiita	1	33	TypeScript	https://qiita.com/tags/typescript
qiita	1	33	Swift	https://qiita.com/tags/swift
qiita	1	33	VSCode	https://qiita.com/tags/vscode
qiita	1	33	Numpy100本ノックで出会った「こりゃあ、便利だなぁ～」と思った関数一覧	https://qiita.com/ko-ya346/items/8b2fb0669cd16aa8c5c8
qiita	1	33	Python	https://qiita.com/tags/python
qiita	1	33	numpy	https://qiita.com/tags/numpy
qiita	1	33	【Ruby】使いこなせると便利。||演算子のいろんな使い方	https://qiita.com/ngron/items/4d3ca9827d1969fccd60
qiita	1	33	Ruby	https://qiita.com/tags/ruby
qiita	1	33	Rails	https://qiita.com/tags/rails
qiita	1	33	演算子	https://qiita.com/tags/%e6%bc%94%e7%ae%97%e5%ad%90
qiita	1	33	or	https://qiita.com/tags/or
qiita	1	33	||	https://qiita.com/tags/%7c%7c
qiita	1	33	Java8でListとかMapに追加されたメソッドをいくつか試してみる	https://qiita.com/opengl-8080/items/2f4541c1cff8b485abda
qiita	1	33	Java	https://qiita.com/tags/java
qiita	1	33	[Java 8+] マップをマージする	https://qiita.com/satoshii/items/cbb7fd627fad1b4dbc97
qiita	1	33	Java	https://qiita.com/tags/java
qiita	1	33	java8	https://qiita.com/tags/java8
qiita	1	33	(o1, o2) -> o1 - o2 なんて呪文はもうやめて！ - Java8でのComparatorの使い方	https://qiita.com/tag1216/items/50ecf6a7bc10218ee889
qiita	1	33	Java	https://qiita.com/tags/java
qiita	1	33	java8	https://qiita.com/tags/java8
qiita	1	33	クラス java.util.Optionalのおさらいメモ	https://qiita.com/rubytomato@github/items/92ac7944c830e54aa03d
qiita	1	33	Java	https://qiita.com/tags/java
qiita	1	33	いまさら始めるJava8 ～StreamAPI～	https://qiita.com/uchi_y/items/dfe227612269dccf611c
qiita	1	33	Java	https://qiita.com/tags/java
qiita	1	33	java8	https://qiita.com/tags/java8
qiita	1	33	StreamAPI	https://qiita.com/tags/streamapi
qiita	1	33	Javaでメタプログラミングをしてみた	https://qiita.com/hiroki19990625/items/f51dda992bd0bb90b3ac
qiita	1	33	Java	https://qiita.com/tags/java
qiita	1	33	javassist	https://qiita.com/tags/javassist
qiita	1	33	GraalVMを使う　→　おそい　（というか、Javaが十分早い。Goよりも。）	https://qiita.com/ukiuni@github/items/e85ac46a7e226985bfd4
qiita	1	33	Java	https://qiita.com/tags/java
qiita	1	33	Python	https://qiita.com/tags/python
qiita	1	33	JavaScript	https://qiita.com/tags/javascript
qiita	1	33	Go	https://qiita.com/tags/go
qiita	1	33	graalvm	https://qiita.com/tags/graalvm
qiita	1	33	覚えておくと、いつかあなたの役に立つ、Javaでクラスを動的生成	https://qiita.com/ukiuni@github/items/2c55a64f45272f4faef5
qiita	1	33	Java	https://qiita.com/tags/java
qiita	1	33	javassist	https://qiita.com/tags/javassist
qiita	1	33	Java8 StreamAPI reduce() で入力要素とは異なる型にして返したい	https://qiita.com/megmogmog1965/items/c9cf8639fc40c63b0e0a
qiita	1	33	Java	https://qiita.com/tags/java
qiita	1	33	java8	https://qiita.com/tags/java8
qiita	1	33	Stream	https://qiita.com/tags/stream
qiita	1	33	StreamAPI	https://qiita.com/tags/streamapi
qiita	1	33	java8特性	https://qiita.com/liguofeng29/items/3e013c7dfa7adf43ea45
qiita	1	33	ラムダ式	https://qiita.com/tags/%e3%83%a9%e3%83%a0%e3%83%80%e5%bc%8f
qiita	1	33	java8	https://qiita.com/tags/java8
qiita	1	33	StreamAPI	https://qiita.com/tags/streamapi
qiita	1	33	Javaの日付データ型変換（Date, Calendar, String）	https://qiita.com/ayaka105/items/1a68ed7ad84743dde7d5
qiita	1	33	Java	https://qiita.com/tags/java
qiita	1	33	MySQL	https://qiita.com/tags/mysql
qiita	1	33	Swift4で言語処理100本ノック 2015 第1章,第2章	https://qiita.com/tikidunpon/items/4fcefec2d1171e08d188
qiita	1	33	自然言語処理	https://qiita.com/tags/%e8%87%aa%e7%84%b6%e8%a8%80%e8%aa%9e%e5%87%a6%e7%90%86
qiita	1	33	Swift	https://qiita.com/tags/swift
qiita	1	33	言語処理100本ノック	https://qiita.com/tags/%e8%a8%80%e8%aa%9e%e5%87%a6%e7%90%86100%e6%9c%ac%e3%83%8e%e3%83%83%e3%82%af
qiita	1	33	Swift4	https://qiita.com/tags/swift4
qiita	1	33	Java8のCollectorをfor文と比較しながら一から作って理解する	https://qiita.com/civic/items/b5800ab4b620a53a9be1
qiita	1	33	Java	https://qiita.com/tags/java
qiita	1	33	Javaでリストの集約（Collectors.groupingBy）	https://qiita.com/KevinFQ/items/c4e7b5835487180d9659
qiita	1	33	Java	https://qiita.com/tags/java
qiita	1	33	java8	https://qiita.com/tags/java8
qiita	1	33	後世まで残したいCollectors.groupingByの話	https://qiita.com/tasogarei/items/5492e09b78f6bfc98801
qiita	1	33	Java	https://qiita.com/tags/java
qiita	1	33	java8	https://qiita.com/tags/java8
qiita	1	33	StreamAPI	https://qiita.com/tags/streamapi
qiita	1	33	Java 8 Stream API にテキストを流してみた（終端操作編）	https://qiita.com/kumazo/items/284098c530fceb05805c
qiita	1	33	Java	https://qiita.com/tags/java
qiita	1	33	Stream	https://qiita.com/tags/stream
qiita	1	33	テキスト処理	https://qiita.com/tags/%e3%83%86%e3%82%ad%e3%82%b9%e3%83%88%e5%87%a6%e7%90%86
qiita	2	33	Javaのソースで見つけた ...(点3つ) って何？から知る可変長引数	https://qiita.com/ponsuke0531/items/f0fc923cdbf2ed987013
qiita	2	33	Java	https://qiita.com/tags/java
qiita	2	33	Java 8 Stream API にテキストを流してみて（中間操作編）	https://qiita.com/kumazo/items/104fa685da8705b8cfd8
qiita	2	33	Java	https://qiita.com/tags/java
qiita	2	33	java8	https://qiita.com/tags/java8
qiita	2	33	Stream	https://qiita.com/tags/stream
qiita	2	33	テキスト処理	https://qiita.com/tags/%e3%83%86%e3%82%ad%e3%82%b9%e3%83%88%e5%87%a6%e7%90%86
qiita	2	33	Java 8 Stream API にテキストを流してみる（生成編）	https://qiita.com/kumazo/items/0876c5b251ecc131c960
qiita	2	33	Java	https://qiita.com/tags/java
qiita	2	33	テキスト	https://qiita.com/tags/%e3%83%86%e3%82%ad%e3%82%b9%e3%83%88
qiita	2	33	Stream	https://qiita.com/tags/stream
qiita	2	33	java.util.function以下の関数インターフェース使い方メモ	https://qiita.com/opengl-8080/items/22c4405a38127ed86a31
qiita	2	33	Java	https://qiita.com/tags/java
qiita	2	33	Java8のFunction, Consumer, Supplier, Predicateの調査	https://qiita.com/subaru44k/items/c55d9b9fc419f0d09c64
qiita	2	33	Java	https://qiita.com/tags/java
qiita	2	33	java8	https://qiita.com/tags/java8
qiita	2	33	Java8のラムダ式を理解する	https://qiita.com/sano1202/items/64593e8e981e8d6439d3
qiita	2	33	Java	https://qiita.com/tags/java
qiita	2	33	lambda	https://qiita.com/tags/lambda
qiita	2	33	java8	https://qiita.com/tags/java8
qiita	2	33	StreamAPI	https://qiita.com/tags/streamapi
qiita	2	33	「Dictの値をキーにキーを集計し、集計されたキーに対して任意の関数を実行したDictを返す」をJava8でやってみたら「[Java 8][Stream API] オブジェクトの List から Map を生成する方法を模索する」がすっきり書けた	https://qiita.com/tag1216/items/27805a6f105f2125c1fa
qiita	2	33	Java	https://qiita.com/tags/java
qiita	2	33	Elixir	https://qiita.com/tags/elixir
qiita	2	33	java8	https://qiita.com/tags/java8
qiita	2	33	JythonでJavaからPythonを使う。あとハマったこと。	https://qiita.com/ota-meshi/items/76f4a65e9bd2fe0e2f68
qiita	2	33	Java	https://qiita.com/tags/java
qiita	2	33	Python	https://qiita.com/tags/python
qiita	2	33	Jython	https://qiita.com/tags/jython
qiita	2	33	pythonのアンダーバーこれなんやねん	https://qiita.com/kiii142/items/6879cb065ad4c5f0b901
qiita	2	33	Python	https://qiita.com/tags/python
qiita	2	33	初心者	https://qiita.com/tags/%e5%88%9d%e5%bf%83%e8%80%85
qiita	2	33	ターミナルマルチプレクサ tmux をカスタマイズする	https://qiita.com/b4b4r07/items/01359e8a3066d1c37edc
qiita	2	33	Vim	https://qiita.com/tags/vim
qiita	2	33	Bash	https://qiita.com/tags/bash
qiita	2	33	Zsh	https://qiita.com/tags/zsh
qiita	2	33	tmux	https://qiita.com/tags/tmux
qiita	2	33	UbuntuやCentOSに最新のtmuxを導入する	https://qiita.com/ha4gu/items/aebe9207904f52ee4fb6
qiita	2	33	CentOS	https://qiita.com/tags/centos
qiita	2	33	Ubuntu	https://qiita.com/tags/ubuntu
qiita	2	33	tmux	https://qiita.com/tags/tmux
qiita	2	33	ubuntu18.04	https://qiita.com/tags/ubuntu18.04
qiita	2	33	Ubuntu19.04	https://qiita.com/tags/ubuntu19.04
qiita	2	33	Goで青空文庫の小説からWordCloud作ってみた	https://qiita.com/ogady/items/78b40aa8780edf234c5f
qiita	2	33	Go	https://qiita.com/tags/go
qiita	2	33	perlの関数を第一級オブジェクトとして扱う話	https://qiita.com/magnolia_k_/items/b0a14e29c8090568f5b3
qiita	2	33	Perl	https://qiita.com/tags/perl
qiita	2	33	MeCab用化学物質辞書を入れてみた-MeCab(R/Python) Windows10 64bit	https://qiita.com/zincjp/items/7e4847aa2fa5f87b7646
qiita	2	33	Python	https://qiita.com/tags/python
qiita	2	33	R	https://qiita.com/tags/r
qiita	2	33	mecab	https://qiita.com/tags/mecab
qiita	2	33	Windows10	https://qiita.com/tags/windows10
qiita	2	33	2019年末版 形態素解析器の比較	https://qiita.com/hi-asano/items/aaf406db875f1c81530e
qiita	2	33	mecab	https://qiita.com/tags/mecab
qiita	2	33	NLP	https://qiita.com/tags/nlp
qiita	2	33	形態素解析	https://qiita.com/tags/%e5%bd%a2%e6%85%8b%e7%b4%a0%e8%a7%a3%e6%9e%90
qiita	2	33	JUMAN	https://qiita.com/tags/juman
qiita	2	33	Sudachi	https://qiita.com/tags/sudachi
qiita	2	33	自然言語処理関連まとめ	https://qiita.com/meshidenn/items/911437c47ccfd96694b5
qiita	2	33	自然言語処理	https://qiita.com/tags/%e8%87%aa%e7%84%b6%e8%a8%80%e8%aa%9e%e5%87%a6%e7%90%86
qiita	2	33	NLP	https://qiita.com/tags/nlp
qiita	2	33	docker向けRHLE系のbase imageを作る	https://qiita.com/tnaoto/items/f9e7f72a63670f1ecda7
qiita	2	33	Docker	https://qiita.com/tags/docker
qiita	2	33	RHEL	https://qiita.com/tags/rhel
qiita	2	33	CentOS6.5	https://qiita.com/tags/centos6.5
qiita	2	33	Perl ワンライナーとその仲間たち	https://qiita.com/teckl/items/98de382787401d2392c3
qiita	2	33	Perl	https://qiita.com/tags/perl
qiita	2	33	shell	https://qiita.com/tags/shell
qiita	2	33	OneLiner	https://qiita.com/tags/oneliner
qiita	2	33	ワンライナー	https://qiita.com/tags/%e3%83%af%e3%83%b3%e3%83%a9%e3%82%a4%e3%83%8a%e3%83%bc
qiita	2	33	シェル芸	https://qiita.com/tags/%e3%82%b7%e3%82%a7%e3%83%ab%e8%8a%b8
qiita	2	33	正規表現の可視化ツールRegulexを使おう！	https://qiita.com/yucatio/items/e980550814f66b3450dd
qiita	2	33	JavaScript	https://qiita.com/tags/javascript
qiita	2	33	正規表現	https://qiita.com/tags/%e6%ad%a3%e8%a6%8f%e8%a1%a8%e7%8f%be
qiita	2	33	regularexpression	https://qiita.com/tags/regularexpression
qiita	2	33	自然言語からSQLを自動生成するDeep Learning技術	https://qiita.com/Inowe2457/items/562ef5312cc598711a6c
qiita	2	33	SQL	https://qiita.com/tags/sql
qiita	2	33	自然言語処理	https://qiita.com/tags/%e8%87%aa%e7%84%b6%e8%a8%80%e8%aa%9e%e5%87%a6%e7%90%86
qiita	2	33	深層学習	https://qiita.com/tags/%e6%b7%b1%e5%b1%a4%e5%ad%a6%e7%bf%92
qiita	2	33	論文読み	https://qiita.com/tags/%e8%ab%96%e6%96%87%e8%aa%ad%e3%81%bf
qiita	2	33	Go言語のエラーハンドリングについて	https://qiita.com/nayuneko/items/3c0b3c0de9e8b27c9548
qiita	2	33	Go	https://qiita.com/tags/go
qiita	2	33	Faker(java)で色々なテスト用のダミーデータを生成する	https://qiita.com/mkyz08/items/7c509e08fcee758936e4
qiita	2	33	Java	https://qiita.com/tags/java
qiita	2	33	Faker	https://qiita.com/tags/faker
qiita	2	33	Pythonのfakerで日本語テストデータを生成する	https://qiita.com/ohbarye/items/452fefa2be5d56268b50
qiita	2	33	Python	https://qiita.com/tags/python
qiita	2	33	テスト	https://qiita.com/tags/%e3%83%86%e3%82%b9%e3%83%88
qiita	2	33	Faker	https://qiita.com/tags/faker
qiita	2	33	PostgreSQLのbackup, restore方法まとめ	https://qiita.com/rice_american/items/ceae28dad13c3977e3a8
qiita	2	33	PostgreSQL	https://qiita.com/tags/postgresql
qiita	2	33	pytorch超入門	https://qiita.com/miyamotok0105/items/1fd1d5c3532b174720cd
qiita	2	33	Python	https://qiita.com/tags/python
qiita	2	33	機械学習	https://qiita.com/tags/%e6%a9%9f%e6%a2%b0%e5%ad%a6%e7%bf%92
qiita	2	33	MachineLearning	https://qiita.com/tags/machinelearning
qiita	2	33	DeepLearning	https://qiita.com/tags/deeplearning
qiita	2	33	ディープラーニング	https://qiita.com/tags/%e3%83%87%e3%82%a3%e3%83%bc%e3%83%97%e3%83%a9%e3%83%bc%e3%83%8b%e3%83%b3%e3%82%b0
qiita	2	33	Apache Benchでサクッと性能テスト	https://qiita.com/flexfirm/items/ac5a2f53cfa933a37192
qiita	2	33	HTML	https://qiita.com/tags/html
qiita	2	33	Apache	https://qiita.com/tags/apache
qiita	2	33	AWS	https://qiita.com/tags/aws
qiita	2	33	Web	https://qiita.com/tags/web
qiita	2	33	サーバー	https://qiita.com/tags/%e3%82%b5%e3%83%bc%e3%83%90%e3%83%bc
qiita	2	33	負荷テスト・パフォーマンス測定ツールのJMeterのインストールと簡単な使い方	https://qiita.com/PlanetMeron/items/a604645d6f89b6ce3a14
qiita	2	33	JMeter	https://qiita.com/tags/jmeter
qiita	2	33	負荷テスト	https://qiita.com/tags/%e8%b2%a0%e8%8d%b7%e3%83%86%e3%82%b9%e3%83%88
qiita	2	33	Sequel ProでMySQLにログインできない	https://qiita.com/yusuke_dev/items/7f0ca12ced72363f9448
qiita	2	33	MySQL	https://qiita.com/tags/mysql
qiita	2	33	SequelPro	https://qiita.com/tags/sequelpro
qiita	2	33	MySQL8.0	https://qiita.com/tags/mysql8.0
qiita	2	33	apache pdfboxでPDFの中身のテキストを抜き出す話	https://qiita.com/arc279/items/5b6cf2d0b24ce5a50cae
qiita	2	33	Docker	https://qiita.com/tags/docker
qiita	2	33	pdfBox	https://qiita.com/tags/pdfbox
qiita	2	33	KibanaのVisualizeで利用しているIndex Patternsをまとめて変更する	https://qiita.com/NAO_MK2/items/2d03d9db1cd7b0ceae04
qiita	2	33	Kibana	https://qiita.com/tags/kibana
qiita	2	33	Kibana6	https://qiita.com/tags/kibana6
qiita	2	33	初めてのElasticsearch with Docker	https://qiita.com/kiyokiyo_kzsby/items/344fb2e9aead158a5545
qiita	2	33	Elasticsearch	https://qiita.com/tags/elasticsearch
qiita	2	33	Docker	https://qiita.com/tags/docker
qiita	2	33	docker-compose	https://qiita.com/tags/docker-compose
qiita	2	33	dictで一つのキーに複数の値を持ちたい時の実装方法	https://qiita.com/tag1216/items/b2765e9e87025c01e57f
qiita	2	33	Python	https://qiita.com/tags/python
qiita	2	33	AdventCalendar	https://qiita.com/tags/adventcalendar
qiita	2	33	Python3	https://qiita.com/tags/python3
qiita	2	33	Python2	https://qiita.com/tags/python2
qiita	2	33	実用 perl ワンライナー	https://qiita.com/ohtsuka1317/items/92c339a65533e1e6c6fc
qiita	2	33	Perl	https://qiita.com/tags/perl
qiita	2	33	jq で日付の連番を生成	https://qiita.com/arc279/items/436d8e7b8653848406e3
qiita	2	33	jq	https://qiita.com/tags/jq
qiita	2	33	docker + fluentd + Elasticsearch + kibana4 で構築するお手軽NetFlowアナライザ	https://qiita.com/skjune12/items/d88a8eb32794865afcd3
qiita	2	33	Fluentd	https://qiita.com/tags/fluentd
qiita	2	33	Elasticsearch	https://qiita.com/tags/elasticsearch
qiita	2	33	Docker	https://qiita.com/tags/docker
qiita	2	33	Kibana	https://qiita.com/tags/kibana
qiita	2	33	docker-compose	https://qiita.com/tags/docker-compose
qiita	2	33	Mroongaの全文検索がいい感じだった	https://qiita.com/nayuneko/items/e1d4cad31b9ec23fd12c
qiita	2	33	MySQL	https://qiita.com/tags/mysql
qiita	2	33	mroonga	https://qiita.com/tags/mroonga
qiita	2	33	jq で unnest したい	https://qiita.com/arc279/items/00b353428120f48a9e06
qiita	2	33	jq	https://qiita.com/tags/jq
qiita	2	33	jqでcsvをjsonに変換する	https://qiita.com/shobyshoby/items/68204f8567efbd32d705
qiita	2	33	jq	https://qiita.com/tags/jq
qiita	2	33	jq で エポックミリ秒を変換したい	https://qiita.com/sutoh/items/350bb96a06cb237f54af
qiita	2	33	jq	https://qiita.com/tags/jq
qiita	2	33	ネストした json のキーを辿る	https://qiita.com/arc279/items/e328e97032c962a6947e
qiita	2	33	JSON	https://qiita.com/tags/json
qiita	2	33	jq	https://qiita.com/tags/jq
