com.github.javafaker.PrincessBride	public	java.lang.String	toString
com.github.javafaker.PrincessBride	public	java.lang.String	quote
com.github.javafaker.PrincessBride	public	java.lang.String	character
com.github.javafaker.Space	public	java.lang.String	nebula
com.github.javafaker.Space	public	java.lang.String	toString
com.github.javafaker.Space	public	java.lang.String	star
com.github.javafaker.Space	public	java.lang.String	agency
com.github.javafaker.Space	public	java.lang.String	agencyAbbreviation
com.github.javafaker.Space	public	java.lang.String	planet
com.github.javafaker.Space	public	java.lang.String	starCluster
com.github.javafaker.Space	public	java.lang.String	galaxy
com.github.javafaker.Space	public	java.lang.String	distanceMeasurement
com.github.javafaker.Space	public	java.lang.String	meteorite
com.github.javafaker.Space	public	java.lang.String	nasaSpaceCraft
com.github.javafaker.Space	public	java.lang.String	company
com.github.javafaker.Space	public	java.lang.String	constellation
com.github.javafaker.Space	public	java.lang.String	moon
com.github.javafaker.Music	public	java.lang.String	toString
com.github.javafaker.Music	public	java.lang.String	chord
com.github.javafaker.Music	public	java.lang.String	genre
com.github.javafaker.Music	public	java.lang.String	key
com.github.javafaker.Music	public	java.lang.String	instrument
com.github.javafaker.Dune	public	java.lang.String	toString
com.github.javafaker.Dune	public	java.lang.String	saying
com.github.javafaker.Dune	public	java.lang.String	character
com.github.javafaker.Dune	public	java.lang.String	quote
com.github.javafaker.Dune	public	java.lang.String	title
com.github.javafaker.Dune	public	java.lang.String	planet
com.github.javafaker.Lebowski	public	java.lang.String	quote
com.github.javafaker.Lebowski	public	java.lang.String	toString
com.github.javafaker.Lebowski	public	java.lang.String	character
com.github.javafaker.Lebowski	public	java.lang.String	actor
com.github.javafaker.University	public	java.lang.String	toString
com.github.javafaker.University	public	java.lang.String	prefix
com.github.javafaker.University	public	java.lang.String	suffix
com.github.javafaker.University	public	java.lang.String	name
com.github.javafaker.Faker	public	java.lang.String	toString
com.github.javafaker.PhoneNumber	public	java.lang.String	toString
com.github.javafaker.PhoneNumber	public	java.lang.String	cellPhone
com.github.javafaker.PhoneNumber	public	java.lang.String	subscriberNumber
com.github.javafaker.PhoneNumber	public	java.lang.String	phoneNumber
com.github.javafaker.PhoneNumber	public	java.lang.String	extension
com.github.javafaker.Options	public	java.lang.String	toString
com.github.javafaker.SlackEmoji	public	java.lang.String	toString
com.github.javafaker.SlackEmoji	public	java.lang.String	celebration
com.github.javafaker.SlackEmoji	public	java.lang.String	foodAndDrink
com.github.javafaker.SlackEmoji	public	java.lang.String	travelAndPlaces
com.github.javafaker.SlackEmoji	public	java.lang.String	objectsAndSymbols
com.github.javafaker.SlackEmoji	public	java.lang.String	people
com.github.javafaker.SlackEmoji	public	java.lang.String	custom
com.github.javafaker.SlackEmoji	public	java.lang.String	nature
com.github.javafaker.SlackEmoji	public	java.lang.String	activity
com.github.javafaker.SlackEmoji	public	java.lang.String	emoji
com.github.javafaker.Overwatch	public	java.lang.String	toString
com.github.javafaker.Overwatch	public	java.lang.String	location
com.github.javafaker.Overwatch	public	java.lang.String	hero
com.github.javafaker.Overwatch	public	java.lang.String	quote
com.github.javafaker.HitchhikersGuideToTheGalaxy	public	java.lang.String	toString
com.github.javafaker.HitchhikersGuideToTheGalaxy	public	java.lang.String	specie
com.github.javafaker.HitchhikersGuideToTheGalaxy	public	java.lang.String	planet
com.github.javafaker.HitchhikersGuideToTheGalaxy	public	java.lang.String	quote
com.github.javafaker.HitchhikersGuideToTheGalaxy	public	java.lang.String	character
com.github.javafaker.HitchhikersGuideToTheGalaxy	public	java.lang.String	starship
com.github.javafaker.HitchhikersGuideToTheGalaxy	public	java.lang.String	marvinQuote
com.github.javafaker.HitchhikersGuideToTheGalaxy	public	java.lang.String	location
com.github.javafaker.Nation	public	java.lang.String	toString
com.github.javafaker.Nation	public	java.lang.String	flag
com.github.javafaker.Nation	public	java.lang.String	capitalCity
com.github.javafaker.Nation	public	java.lang.String	language
com.github.javafaker.Nation	public	java.lang.String	nationality
com.github.javafaker.Address	public	java.lang.String	toString
com.github.javafaker.Address	public	java.lang.String	timeZone
com.github.javafaker.Address	public	java.lang.String	streetSuffix
com.github.javafaker.Address	public	java.lang.String	fullAddress
com.github.javafaker.Address	public	java.lang.String	streetAddressNumber
com.github.javafaker.Address	public	java.lang.String	streetPrefix
com.github.javafaker.Address	public	java.lang.String	firstName
com.github.javafaker.Address	public	java.lang.String	streetAddress
com.github.javafaker.Address	public	java.lang.String	citySuffix
com.github.javafaker.Address	public	java.lang.String	secondaryAddress
com.github.javafaker.Address	public	java.lang.String	lastName
com.github.javafaker.Address	public	java.lang.String	country
com.github.javafaker.Address	public	java.lang.String	zipCode
com.github.javafaker.Address	public	java.lang.String	stateAbbr
com.github.javafaker.Address	public	java.lang.String	latitude
com.github.javafaker.Address	public	java.lang.String	city
com.github.javafaker.Address	public	java.lang.String	state
com.github.javafaker.Address	public	java.lang.String	buildingNumber
com.github.javafaker.Address	public	java.lang.String	longitude
com.github.javafaker.Address	public	java.lang.String	streetName
com.github.javafaker.Address	public	java.lang.String	cityPrefix
com.github.javafaker.Address	public	java.lang.String	countryCode
com.github.javafaker.Address	public	java.lang.String	cityName
com.github.javafaker.Hacker	public	java.lang.String	ingverb
com.github.javafaker.Hacker	public	java.lang.String	toString
com.github.javafaker.Hacker	public	java.lang.String	abbreviation
com.github.javafaker.Hacker	public	java.lang.String	noun
com.github.javafaker.Hacker	public	java.lang.String	verb
com.github.javafaker.Hacker	public	java.lang.String	adjective
com.github.javafaker.Demographic	public	java.lang.String	toString
com.github.javafaker.Demographic	public	java.lang.String	demonym
com.github.javafaker.Demographic	public	java.lang.String	sex
com.github.javafaker.Demographic	public	java.lang.String	race
com.github.javafaker.Demographic	public	java.lang.String	maritalStatus
com.github.javafaker.Demographic	public	java.lang.String	educationalAttainment
com.github.javafaker.Ancient	public	java.lang.String	toString
com.github.javafaker.Ancient	public	java.lang.String	primordial
com.github.javafaker.Ancient	public	java.lang.String	hero
com.github.javafaker.Ancient	public	java.lang.String	titan
com.github.javafaker.Ancient	public	java.lang.String	god
com.github.javafaker.Yoda	public	java.lang.String	toString
com.github.javafaker.Yoda	public	java.lang.String	quote
com.github.javafaker.Aviation	public	java.lang.String	toString
com.github.javafaker.Aviation	public	java.lang.String	airport
com.github.javafaker.Aviation	public	java.lang.String	METAR
com.github.javafaker.Aviation	public	java.lang.String	aircraft
com.github.javafaker.Esports	public	java.lang.String	toString
com.github.javafaker.Esports	public	java.lang.String	event
com.github.javafaker.Esports	public	java.lang.String	player
com.github.javafaker.Esports	public	java.lang.String	game
com.github.javafaker.Esports	public	java.lang.String	league
com.github.javafaker.Esports	public	java.lang.String	team
com.github.javafaker.BackToTheFuture	public	java.lang.String	toString
com.github.javafaker.BackToTheFuture	public	java.lang.String	character
com.github.javafaker.BackToTheFuture	public	java.lang.String	quote
com.github.javafaker.BackToTheFuture	public	java.lang.String	date
com.github.javafaker.DragonBall	public	java.lang.String	toString
com.github.javafaker.DragonBall	public	java.lang.String	character
com.github.javafaker.Finance	public	java.lang.String	toString
com.github.javafaker.Finance	public	java.lang.String	bic
com.github.javafaker.Finance	public	java.lang.String	creditCard
com.github.javafaker.Finance	public	java.lang.String	iban
com.github.javafaker.HowIMetYourMother	public	java.lang.String	toString
com.github.javafaker.HowIMetYourMother	public	java.lang.String	catchPhrase
com.github.javafaker.HowIMetYourMother	public	java.lang.String	character
com.github.javafaker.HowIMetYourMother	public	java.lang.String	highFive
com.github.javafaker.HowIMetYourMother	public	java.lang.String	quote
com.github.javafaker.Superhero	public	java.lang.String	toString
com.github.javafaker.Superhero	public	java.lang.String	name
com.github.javafaker.Superhero	public	java.lang.String	power
com.github.javafaker.Superhero	public	java.lang.String	suffix
com.github.javafaker.Superhero	public	java.lang.String	descriptor
com.github.javafaker.Superhero	public	java.lang.String	prefix
com.github.javafaker.ChuckNorris	public	java.lang.String	toString
com.github.javafaker.ChuckNorris	public	java.lang.String	fact
com.github.javafaker.StarTrek	public	java.lang.String	toString
com.github.javafaker.StarTrek	public	java.lang.String	location
com.github.javafaker.StarTrek	public	java.lang.String	character
com.github.javafaker.StarTrek	public	java.lang.String	specie
com.github.javafaker.StarTrek	public	java.lang.String	villain
com.github.javafaker.Currency	public	java.lang.String	toString
com.github.javafaker.Currency	public	java.lang.String	name
com.github.javafaker.Currency	public	java.lang.String	code
com.github.javafaker.ProgrammingLanguage	public	java.lang.String	creator
com.github.javafaker.ProgrammingLanguage	public	java.lang.String	toString
com.github.javafaker.ProgrammingLanguage	public	java.lang.String	name
com.github.javafaker.Pokemon	public	java.lang.String	toString
com.github.javafaker.Pokemon	public	java.lang.String	location
com.github.javafaker.Pokemon	public	java.lang.String	name
com.github.javafaker.Artist	public	java.lang.String	toString
com.github.javafaker.Artist	public	java.lang.String	name
com.github.javafaker.Cat	public	java.lang.String	name
com.github.javafaker.Cat	public	java.lang.String	toString
com.github.javafaker.Cat	public	java.lang.String	breed
com.github.javafaker.Cat	public	java.lang.String	registry
com.github.javafaker.Number	public	java.lang.String	toString
com.github.javafaker.Number	public	java.lang.String	digit
com.github.javafaker.Buffy	public	java.lang.String	episodes
com.github.javafaker.Buffy	public	java.lang.String	toString
com.github.javafaker.Buffy	public	java.lang.String	bigBads
com.github.javafaker.Buffy	public	java.lang.String	characters
com.github.javafaker.Buffy	public	java.lang.String	quotes
com.github.javafaker.Buffy	public	java.lang.String	celebrities
com.github.javafaker.Lorem	public	java.lang.String	toString
com.github.javafaker.Lorem	public	java.lang.String	word
com.github.javafaker.Lorem	public	java.lang.String	sentence
com.github.javafaker.Lorem	public	java.util.List<java.lang.String>	words
com.github.javafaker.Lorem	public	java.lang.String	characters
com.github.javafaker.Lorem	public	java.lang.String	paragraph
com.github.javafaker.HarryPotter	public	java.lang.String	toString
com.github.javafaker.HarryPotter	public	java.lang.String	spell
com.github.javafaker.HarryPotter	public	java.lang.String	book
com.github.javafaker.HarryPotter	public	java.lang.String	house
com.github.javafaker.HarryPotter	public	java.lang.String	quote
com.github.javafaker.HarryPotter	public	java.lang.String	character
com.github.javafaker.HarryPotter	public	java.lang.String	location
com.github.javafaker.Team	public	java.lang.String	toString
com.github.javafaker.Team	public	java.lang.String	state
com.github.javafaker.Team	public	java.lang.String	name
com.github.javafaker.Team	public	java.lang.String	creature
com.github.javafaker.Team	public	java.lang.String	sport
com.github.javafaker.Crypto	public	java.lang.String	toString
com.github.javafaker.Crypto	public	java.lang.String	md5
com.github.javafaker.Crypto	public	java.lang.String	sha1
com.github.javafaker.Crypto	public	java.lang.String	sha512
com.github.javafaker.Crypto	public	java.lang.String	sha256
com.github.javafaker.IdNumber	public	java.lang.String	toString
com.github.javafaker.IdNumber	public	java.lang.String	ssnValid
com.github.javafaker.IdNumber	public	java.lang.String	invalid
com.github.javafaker.IdNumber	public	java.lang.String	invalidSvSeSsn
com.github.javafaker.IdNumber	public	java.lang.String	valid
com.github.javafaker.IdNumber	public	java.lang.String	validSvSeSsn
com.github.javafaker.Matz	public	java.lang.String	toString
com.github.javafaker.Matz	public	java.lang.String	quote
com.github.javafaker.Country	public	java.lang.String	toString
com.github.javafaker.Country	public	java.lang.String	countryCode2
com.github.javafaker.Country	public	java.lang.String	capital
com.github.javafaker.Country	public	java.lang.String	flag
com.github.javafaker.Country	public	java.lang.String	currencyCode
com.github.javafaker.Country	public	java.lang.String	name
com.github.javafaker.Country	public	java.lang.String	currency
com.github.javafaker.Country	public	java.lang.String	countryCode3
com.github.javafaker.File	public	java.lang.String	mimeType
com.github.javafaker.File	public	java.lang.String	toString
com.github.javafaker.File	public	java.lang.String	fileName
com.github.javafaker.File	public	java.lang.String	extension
com.github.javafaker.Medical	public	java.lang.String	toString
com.github.javafaker.Medical	public	java.lang.String	medicineName
com.github.javafaker.Medical	public	java.lang.String	hospitalName
com.github.javafaker.Medical	public	java.lang.String	diseaseName
com.github.javafaker.Medical	public	java.lang.String	symptoms
com.github.javafaker.LeagueOfLegends	public	java.lang.String	summonerSpell
com.github.javafaker.LeagueOfLegends	public	java.lang.String	rank
com.github.javafaker.LeagueOfLegends	public	java.lang.String	toString
com.github.javafaker.LeagueOfLegends	public	java.lang.String	location
com.github.javafaker.LeagueOfLegends	public	java.lang.String	champion
com.github.javafaker.LeagueOfLegends	public	java.lang.String	quote
com.github.javafaker.LeagueOfLegends	public	java.lang.String	masteries
com.github.javafaker.Animal	public	java.lang.String	toString
com.github.javafaker.Animal	public	java.lang.String	name
com.github.javafaker.Witcher	public	java.lang.String	toString
com.github.javafaker.Witcher	public	java.lang.String	witcher
com.github.javafaker.Witcher	public	java.lang.String	school
com.github.javafaker.Witcher	public	java.lang.String	character
com.github.javafaker.Witcher	public	java.lang.String	quote
com.github.javafaker.Witcher	public	java.lang.String	location
com.github.javafaker.Witcher	public	java.lang.String	monster
com.github.javafaker.Shakespeare	public	java.lang.String	toString
com.github.javafaker.Shakespeare	public	java.lang.String	romeoAndJulietQuote
com.github.javafaker.Shakespeare	public	java.lang.String	kingRichardIIIQuote
com.github.javafaker.Shakespeare	public	java.lang.String	hamletQuote
com.github.javafaker.Shakespeare	public	java.lang.String	asYouLikeItQuote
com.github.javafaker.Code	public	java.lang.String	asin
com.github.javafaker.Code	public	java.lang.String	isbn10
com.github.javafaker.Code	public	java.lang.String	toString
com.github.javafaker.Code	public	java.lang.String	imei
com.github.javafaker.Code	public	java.lang.String	isbnRegistrant
com.github.javafaker.Code	public	java.lang.String	isbn13
com.github.javafaker.Code	public	java.lang.String	ean8
com.github.javafaker.Code	public	java.lang.String	ean13
com.github.javafaker.Code	public	java.lang.String	isbnGs1
com.github.javafaker.Code	public	java.lang.String	gtin13
com.github.javafaker.Code	public	java.lang.String	isbnGroup
com.github.javafaker.Code	public	java.lang.String	gtin8
com.github.javafaker.Internet	public	java.lang.String	toString
com.github.javafaker.Internet	public	java.lang.String	privateIpV4Address
com.github.javafaker.Internet	public	java.lang.String	domainSuffix
com.github.javafaker.Internet	public	java.lang.String	ipV6Cidr
com.github.javafaker.Internet	public	java.lang.String	domainName
com.github.javafaker.Internet	public	java.lang.String	domainWord
com.github.javafaker.Internet	public	java.lang.String	macAddress
com.github.javafaker.Internet	public	java.lang.String	url
com.github.javafaker.Internet	public	java.lang.String	avatar
com.github.javafaker.Internet	public	java.lang.String	image
com.github.javafaker.Internet	public	java.lang.String	slug
com.github.javafaker.Internet	public	java.lang.String	userAgentAny
com.github.javafaker.Internet	public	java.lang.String	publicIpV4Address
com.github.javafaker.Internet	public	java.lang.String	safeEmailAddress
com.github.javafaker.Internet	public	java.lang.String	ipV4Address
com.github.javafaker.Internet	public	java.lang.String	ipV6Address
com.github.javafaker.Internet	public	java.lang.String	emailAddress
com.github.javafaker.Internet	public	java.lang.String	password
com.github.javafaker.Internet	public	java.lang.String	uuid
com.github.javafaker.Internet	public	java.lang.String	ipV4Cidr
com.github.javafaker.Dune$Saying	public	java.lang.String	toString
com.github.javafaker.Relationships	public	java.lang.String	toString
com.github.javafaker.Relationships	public	java.lang.String	any
com.github.javafaker.Relationships	public	java.lang.String	extended
com.github.javafaker.Relationships	public	java.lang.String	spouse
com.github.javafaker.Relationships	public	java.lang.String	direct
com.github.javafaker.Relationships	public	java.lang.String	inLaw
com.github.javafaker.Relationships	public	java.lang.String	parent
com.github.javafaker.Relationships	public	java.lang.String	sibling
com.github.javafaker.Name	public	java.lang.String	toString
com.github.javafaker.Name	public	java.lang.String	firstName
com.github.javafaker.Name	public	java.lang.String	bloodGroup
com.github.javafaker.Name	public	java.lang.String	username
com.github.javafaker.Name	public	java.lang.String	name
com.github.javafaker.Name	public	java.lang.String	nameWithMiddle
com.github.javafaker.Name	public	java.lang.String	prefix
com.github.javafaker.Name	public	java.lang.String	lastName
com.github.javafaker.Name	public	java.lang.String	suffix
com.github.javafaker.Name	public	java.lang.String	title
com.github.javafaker.Name	public	java.lang.String	fullName
com.github.javafaker.Friends	public	java.lang.String	toString
com.github.javafaker.Friends	public	java.lang.String	location
com.github.javafaker.Friends	public	java.lang.String	quote
com.github.javafaker.Friends	public	java.lang.String	character
com.github.javafaker.RickAndMorty	public	java.lang.String	toString
com.github.javafaker.RickAndMorty	public	java.lang.String	quote
com.github.javafaker.RickAndMorty	public	java.lang.String	character
com.github.javafaker.RickAndMorty	public	java.lang.String	location
com.github.javafaker.Educator	public	java.lang.String	toString
com.github.javafaker.Educator	public	java.lang.String	secondarySchool
com.github.javafaker.Educator	public	java.lang.String	university
com.github.javafaker.Educator	public	java.lang.String	campus
com.github.javafaker.Educator	public	java.lang.String	course
com.github.javafaker.RockBand	public	java.lang.String	toString
com.github.javafaker.RockBand	public	java.lang.String	name
com.github.javafaker.Weather	public	java.lang.String	temperatureFahrenheit
com.github.javafaker.Weather	public	java.lang.String	toString
com.github.javafaker.Weather	public	java.lang.String	temperatureCelsius
com.github.javafaker.Weather	public	java.lang.String	description
com.github.javafaker.GameOfThrones	public	java.lang.String	toString
com.github.javafaker.GameOfThrones	public	java.lang.String	city
com.github.javafaker.GameOfThrones	public	java.lang.String	dragon
com.github.javafaker.GameOfThrones	public	java.lang.String	house
com.github.javafaker.GameOfThrones	public	java.lang.String	character
com.github.javafaker.GameOfThrones	public	java.lang.String	quote
com.github.javafaker.FunnyName	public	java.lang.String	toString
com.github.javafaker.FunnyName	public	java.lang.String	name
com.github.javafaker.Stock	public	java.lang.String	toString
com.github.javafaker.Stock	public	java.lang.String	nsdqSymbol
com.github.javafaker.Stock	public	java.lang.String	nyseSymbol
com.github.javafaker.Avatar	public	java.lang.String	toString
com.github.javafaker.Avatar	public	java.lang.String	image
com.github.javafaker.Zelda	public	java.lang.String	toString
com.github.javafaker.Zelda	public	java.lang.String	character
com.github.javafaker.Zelda	public	java.lang.String	game
com.github.javafaker.Book	public	java.lang.String	toString
com.github.javafaker.Book	public	java.lang.String	genre
com.github.javafaker.Book	public	java.lang.String	publisher
com.github.javafaker.Book	public	java.lang.String	title
com.github.javafaker.Book	public	java.lang.String	author
com.github.javafaker.Beer	public	java.lang.String	toString
com.github.javafaker.Beer	public	java.lang.String	malt
com.github.javafaker.Beer	public	java.lang.String	yeast
com.github.javafaker.Beer	public	java.lang.String	hop
com.github.javafaker.Beer	public	java.lang.String	name
com.github.javafaker.Beer	public	java.lang.String	style
com.github.javafaker.AquaTeenHungerForce	public	java.lang.String	toString
com.github.javafaker.AquaTeenHungerForce	public	java.lang.String	character
com.github.javafaker.Company	public	java.lang.String	toString
com.github.javafaker.Company	public	java.lang.String	buzzword
com.github.javafaker.Company	public	java.lang.String	bs
com.github.javafaker.Company	public	java.lang.String	logo
com.github.javafaker.Company	public	java.lang.String	name
com.github.javafaker.Company	public	java.lang.String	profession
com.github.javafaker.Company	public	java.lang.String	catchPhrase
com.github.javafaker.Company	public	java.lang.String	suffix
com.github.javafaker.Company	public	java.lang.String	url
com.github.javafaker.Company	public	java.lang.String	industry
com.github.javafaker.ElderScrolls	public	java.lang.String	lastName
com.github.javafaker.ElderScrolls	public	java.lang.String	toString
com.github.javafaker.ElderScrolls	public	java.lang.String	city
com.github.javafaker.ElderScrolls	public	java.lang.String	race
com.github.javafaker.ElderScrolls	public	java.lang.String	dragon
com.github.javafaker.ElderScrolls	public	java.lang.String	firstName
com.github.javafaker.ElderScrolls	public	java.lang.String	quote
com.github.javafaker.ElderScrolls	public	java.lang.String	region
com.github.javafaker.ElderScrolls	public	java.lang.String	creature
com.github.javafaker.Hobbit	public	java.lang.String	toString
com.github.javafaker.Hobbit	public	java.lang.String	location
com.github.javafaker.Hobbit	public	java.lang.String	character
com.github.javafaker.Hobbit	public	java.lang.String	quote
com.github.javafaker.Hobbit	public	java.lang.String	thorinsCompany
com.github.javafaker.Bool	public	java.lang.String	toString
com.github.javafaker.Hipster	public	java.lang.String	toString
com.github.javafaker.Hipster	public	java.lang.String	word
com.github.javafaker.App	public	java.lang.String	version
com.github.javafaker.App	public	java.lang.String	toString
com.github.javafaker.App	public	java.lang.String	name
com.github.javafaker.App	public	java.lang.String	author
com.github.javafaker.TwinPeaks	public	java.lang.String	toString
com.github.javafaker.TwinPeaks	public	java.lang.String	character
com.github.javafaker.TwinPeaks	public	java.lang.String	quote
com.github.javafaker.TwinPeaks	public	java.lang.String	location
com.github.javafaker.service.RandomService	public	java.lang.String	toString
com.github.javafaker.service.RandomService	public	java.lang.String	hex
com.github.javafaker.service.FakeValuesService	public	java.lang.String	toString
com.github.javafaker.service.FakeValues	public	java.lang.String	toString
com.github.javafaker.service.FakeValuesService$1	public	java.lang.String	toString
com.github.javafaker.service.FakerIDN	public	java.lang.String	toString
com.github.javafaker.service.files.EnFile	public	java.lang.String	toString
com.github.javafaker.service.files.EnFile	public	java.lang.String	getPath
com.github.javafaker.service.files.EnFile	public	java.lang.String	getFile
com.github.javafaker.service.FakeValuesService$MethodAndCoercedArgs	public	java.lang.String	toString
com.github.javafaker.service.FakeValuesGrouping	public	java.lang.String	toString
com.github.javafaker.LordOfTheRings	public	java.lang.String	toString
com.github.javafaker.LordOfTheRings	public	java.lang.String	character
com.github.javafaker.LordOfTheRings	public	java.lang.String	location
com.github.javafaker.Food	public	java.lang.String	toString
com.github.javafaker.Food	public	java.lang.String	vegetable
com.github.javafaker.Food	public	java.lang.String	measurement
com.github.javafaker.Food	public	java.lang.String	ingredient
com.github.javafaker.Food	public	java.lang.String	spice
com.github.javafaker.Food	public	java.lang.String	fruit
com.github.javafaker.Food	public	java.lang.String	sushi
com.github.javafaker.Food	public	java.lang.String	dish
com.github.javafaker.Commerce	public	java.lang.String	toString
com.github.javafaker.Commerce	public	java.lang.String	promotionCode
com.github.javafaker.Commerce	public	java.lang.String	productName
com.github.javafaker.Commerce	public	java.lang.String	color
com.github.javafaker.Commerce	public	java.lang.String	department
com.github.javafaker.Commerce	public	java.lang.String	price
com.github.javafaker.Commerce	public	java.lang.String	material
com.github.javafaker.Business	public	java.lang.String	toString
com.github.javafaker.Business	public	java.lang.String	creditCardNumber
com.github.javafaker.Business	public	java.lang.String	creditCardExpiry
com.github.javafaker.Business	public	java.lang.String	creditCardType
com.github.javafaker.idnumbers.SvSEIdNumber	public	java.lang.String	toString
com.github.javafaker.idnumbers.EnIdNumber	public	java.lang.String	toString
com.github.javafaker.Job	public	java.lang.String	toString
com.github.javafaker.Job	public	java.lang.String	field
com.github.javafaker.Job	public	java.lang.String	position
com.github.javafaker.Job	public	java.lang.String	keySkills
com.github.javafaker.Job	public	java.lang.String	seniority
com.github.javafaker.Job	public	java.lang.String	title
com.github.javafaker.DateAndTime	public	java.lang.String	toString
com.github.javafaker.Robin	public	java.lang.String	toString
com.github.javafaker.Robin	public	java.lang.String	quote
com.github.javafaker.Internet$UserAgent	public	java.lang.String	toString
com.github.javafaker.Color	public	java.lang.String	toString
com.github.javafaker.Color	public	java.lang.String	name
com.github.javafaker.Color	public	java.lang.String	hex
