フォーク	2
社会	32
湛	1
今夜	5
難病	1
キチン	1
セツナサ	1
前回	3
吉例	1
胤	5
妨	1
階上	3
典	1
還元	1
嚥	13
騒ぎ	9
発言	1
足場	1
ニハ	2
夜更け	1
旅烏	1
三つ	7
逐	13
サック	1
形跡	14
九尺二間	2
こころ	4
あんぎゃ	1
着手	6
他所	2
鹿	2
検案書	3
あわ	12
異常	23
古	4
切羽	1
ホルムズ	1
同夜	6
貨物	1
帯	14
これ	366
理智	8
　　　　　　——	1
コクメイ	1
スチブンソン	1
繋縛	1
立て続け	1
ひき	4
徐	5
無意義	3
西端	1
要望	1
名跡	4
繊弱	2
見送り	2
ドコ	10
スッポリ	3
閃	9
アラ	1
敵手	2
隠元	2
並列	1
セ	2
喋々	1
ファイル	3
仮装	1
紛失	4
年寄	3
誤伝	2
バカ	1
布教	1
駅	1
パレット	1
性格	34
間際	4
上げ	18
蓄音器	1
あす	3
神経質	4
埃及	3
時節	2
足袋	3
かし	3
秀	96
腐爛	1
凝固	1
嘲笑	6
画像	8
講座	2
天地	8
密着	4
沸	2
顛末	2
筆紙	1
内実	2
小手先	1
医学部	17
とまどい	1
天変	8
百貨店	1
せいせい	1
聴衆	1
無邪気	6
鏡台	1
つて	14
謙遜	1
張り	10
発病	13
オッコトシタ	1
切迫	1
文字通り	1
筆蹟	2
身の上	17
以来	23
文	7
死体	8
軽率	3
内	37
式	77
レ	11
漫文	1
お気に入り	1
脱脂綿	3
儼	1
佯	4
施	3
通り	213
途轍	1
昔気質	1
腮	8
足首	2
名物	3
さじ	1
戸締り	1
乳母	3
確証	1
常識	42
梯子	8
痰	1
額	25
たもと	3
抜萃	6
逃亡	1
薬剤	1
答え	1
重囲	1
滅亡	5
飽	2
意想外	3
結末	3
大書	1
天井	12
喰	12
躄	1
箱入り	1
墨汁	4
常人	1
たんぼ	4
敵愾心	1
活字	1
仔細	12
諧謔	2
拳固	4
歓喜	3
屈竟	1
死生	1
イケナイ	1
楽観	1
ウソ	3
しば	2
昏睡	3
顰	1
しり	2
失望	9
ローマンス	3
標準	3
大車輪	1
老齢	1
挿	1
居住	2
薄命	1
両立	1
行	20
レントゲン	2
航	2
局部	3
血まみれ	1
どなた	6
共産	1
枕頭	2
史料	1
恋人	8
明示	2
タン	1
察	6
唐津	6
神経	38
食慾	2
ダイヤル	2
取止め	2
仮	1
霊験	1
キノ	1
シー	2
高島田	2
禅師	1
似非	1
自席	1
モット	11
ばった	2
肉親	1
むとす	1
かさ	1
引退	3
飜弄	36
果て	4
むき	6
六体	3
相違	59
等身	1
通	4
怪物	4
いね	3
法力	1
讐	3
留守	1
目下	15
おういつ	2
定理	1
塊	2
だに	1
自明	2
時期	1
トリック	21
学内	5
憎しみ	1
狂者	2
肉声	1
はな	6
格	2
酒気	1
悪心	1
寡聞	1
諫言	1
ようじん	1
袖	7
人数	6
セッセ	2
憂鬱	4
大工	3
要点	3
嘉	1
太平楽	1
好色	1
裾	5
メリンス	7
占筮	1
立脚	8
慈悲	3
仮名	2
しんとう	1
あかつき	2
達人	1
※［＃「	14
休み	1
巷	4
映画	33
飲酒	3
ホルス	1
年号	1
観衆	1
拝跪	1
突出	1
背広	1
孔子	2
ヨロヨロ	5
軽度	2
最前	48
野暮天	1
ガタ	1
冷	5
向後	1
理由	44
文学	3
予審	3
町家	3
濶歩	1
かつ	2
吉林	1
所以	4
山脈	1
きが	4
ちい	1
おんなじ	1
呼	1
91	4
物置	2
延	7
カーッ	1
等々	6
薬	25
生理学	4
エジプト	3
猛然	1
兵馬	1
芬氏	1
陰鬱	1
ン	34
遠慮	4
探求	1
暖房	1
誠	5
范陽	2
ひいき	1
道徳	14
南側	14
漢字	2
颶風	1
搭載	1
愛好	6
新米	1
間違い	28
御存じ	8
組み立て	1
家内	2
れつ	2
から	1
土葬	2
校門	1
モンドリ	1
好奇	8
ジロリジロリ	1
敬之	8
栄養	6
流れ	2
戦	9
情	4
キレイ	5
双手	2
多寡	2
価	1
ビクマリオニスムス	1
子守	1
ごと	47
言明	3
専売	3
恋着	6
歯並	1
市場	2
シスコ	1
器	10
遠廻り	1
真如	1
夫妻	1
優形	1
この世	26
裡	37
大学生	10
レトルト	1
心音	3
粘膜	2
謡	1
承知	10
かんちょう	1
智慧	12
弥	3
精魂	1
老い先	1
理解	20
サタン	1
梔	2
結核	3
寒風	1
盛	5
憎まれ口	1
浣腸	1
蹶起	1
数々	20
大判	4
あし	4
ぐように	1
ビタミン	2
姪	9
訊問	4
扮装	7
宙返り	2
ウーム	5
かっしゃ	1
漂	2
アルセーヌ・ルパン	1
自然	47
老死	3
紛	6
刷	2
瀬	3
教授	54
譚	5
めじ	3
チョンガレ	7
無感覚	2
眼下	3
看破	15
電気	16
毛穴	3
気品	2
案内	3
蹤跡	1
黄	2
五官	2
茶気	3
事なき	4
ハッハッハッハッ	5
下腹	3
探査	2
勧進	1
庭下駄	1
大刀	2
到着	1
田畑	1
一挙一動	8
一軸	1
折	14
聴診	4
つえ	1
ムニャムニャムニャムニャムニャムニャムニャムニャ	1
——『	1
主張	17
兵隊	1
脛	2
謙信	1
混血	1
人造	8
瞠	7
事情	12
圧	3
巧み	6
愛犬	1
ため	227
本部	2
あるじ	1
禅	1
屮	1
鬱紺	2
呆気	2
寄附	2
ヌタクッ	1
はんよう	2
天主教	1
放任	1
エキス	1
まん中	16
ドウドウメグリ	1
ワッハッハッハッハッハッハッ	1
ボオ	1
６	6
妖	10
迷惑	7
運動	6
湯殿	1
発頭人	1
パーン	1
鉄格子	2
氏素性	1
蒲鉾	1
厳秘	1
ヒョックリ	1
頭	281
町	21
神変	2
良心	23
飛行機	5
攪乱	1
座	5
疑問	37
ル	3
ハッハッハッ	7
蜂	2
冴え	2
焉	1
心構え	1
みち	5
レンズ	2
明快	1
わり	4
宛然	1
凭	3
放射	2
燐	4
一大事	3
ヤーッ	1
仏間	1
ドイ	1
きごう	1
ソリ	1
適中	3
胡座	1
泡沫	1
熱狂	2
透視	3
香華	4
裏表	3
名付親	1
酒屋	1
デングリ	3
オヤ	2
道真	1
日時	2
紙屑	1
チビ	1
9	2
残忍	26
各地	8
チャカポコチャカポコチャカポコチャカポコ	8
内省	2
クライマックス	2
権化	2
お礼	2
取り返し	2
14	3
徐行	1
聖母	1
妖気	1
ずくめ	9
コハゼ	1
ズルズルベッタリ	1
何	563
アハハハハハ	11
色	85
ほうたい	1
臨終	1
びょう	2
菜	1
娘	25
おうじ	2
他聞	1
敵意	1
滝	1
豚	2
方便	1
投合	1
しず	6
鳥居	2
　——	90
ネタ	2
帯刀	1
あかみ	1
テッペン	3
ざんふきょう	1
マント	1
覚醒	40
たより	8
カブ	4
漕	1
永続	1
ステッキ	1
ソレッ	1
寛	2
同日	4
文字	55
ガーゼ	4
偉大	24
館	10
医術	1
ハシャイ	1
聳動	1
ラアラアラアラアポンチキチ	2
寸分	13
デカイ	1
場裡	2
旧蹟	1
否認	1
報酬	1
晴天	1
無能	2
文章	7
金看板	1
熊鷹	1
一筆	1
前兆	3
かめ	1
否	45
噤	9
泣き	9
ギョッ	4
随意	4
手入れ	2
考察	11
悽惨	3
家主	4
番頭	2
断崖	2
蘇	4
駭	4
方々	12
チャカポコチャカポコチャカポコ	14
劇	18
牛	2
弁当	1
寿	5
清算	3
ＮＡＲＺＩＳＳＭＵＳ	1
襷	1
筑前	3
推論	1
返事	40
目的	33
ためし	2
しみ	3
倚	1
相手	57
ていねい	1
キット	23
開	14
ふん	5
混	4
概念	1
隠し	4
予感	7
賄	1
縫い	3
喟然	1
皿	11
語学	2
政界	1
壁際	1
わん	1
仇敵	2
ふり	12
づくり	1
容易	13
ショー	1
公転	1
やよ	1
爾後	4
石塊	1
心情	2
スッポカシ	1
幽閉	1
ことば	1
ホームラン	1
コップ	1
出来	6
巴里	1
刀剣	1
羊	1
抜き足	1
所	86
横溢	4
破天荒	2
一段	4
暴慢	1
明確	1
綿密	1
落し穴	1
仕掛	4
つけ	4
名士	1
紅葉	2
年取	1
打紐	1
テカテカ	3
創始	2
像	28
貯蔵	1
物別れ	1
座右	1
君	256
要約	2
御機嫌	4
諸般	4
筆太	1
柳河	1
拷問	4
そば	1
御家	1
ひょうそう	1
動静	2
正面	12
せいじょう	1
左記	3
毒蛇	1
臭気	2
身構え	2
遺稿	1
得物	1
恋愛	7
博多織	1
扮	2
ブラインド	1
躍動	1
夕日	1
小杉	1
知らず	10
拳骨	2
農夫	3
番目	7
アーッ	2
ヒレ	2
県立	3
ステ	1
ブスリ	2
ミギワ	3
ハッケヨイヤ	1
実現	2
巡遊	1
深み	1
ハタラキ	1
抹殺	2
絵の具	1
じゅん	1
弁解	4
ゆるやか	5
東	7
差止め	1
カノ	1
みみず	2
パンフレット	3
ムカムカッ	1
御事	1
しよう	1
人類	57
筥崎	3
みやこ	1
破産	2
ヤ	1
こん	7
神上	1
こんしん	1
逆行	2
足らず	2
物騒	4
絵具	3
喜三郎	13
日暮	1
馴付	1
時間	92
敬意	5
猫	9
並々	1
コレラ	2
眼瞼	1
忘失	9
づたいに	1
土用	1
足どり	1
フイ	3
じざ	1
ビクリ	5
夜陰	1
泥まみれ	1
現実	27
俳優	5
有名	11
いそ	1
きせる	1
たへ	1
人工	7
発露	11
部長	16
夢物語	1
まき	6
餌食	3
難問	1
墺	2
オット	3
儘	7
スタインナハ	1
関心	1
対決	2
沸騰	2
眼	493
前後	37
いくら	9
役目	9
戞飛	1
魅惑	2
於	90
無意味	8
令嬢	15
積年	2
上の	1
襖	3
山盛り	1
誤診	3
サラリマン	1
捏	1
総代	1
差向い	1
圧付	1
烈	7
ガス	5
盛ん	5
御新造	1
殻	5
オットット	1
図画	1
輝き	1
怒髪	1
蒐集	1
タネ	1
ウッスリ	4
口	91
狙	2
ちょりつ	1
合理	6
漆喰	1
源吉	1
キ印	1
人影	3
虚偽	8
校正	2
すべ	17
病棟	2
腋の下	3
種類	26
職業	2
大瓶	1
憾	1
半天	1
ソーッ	1
はたご	1
そう	174
トウ	41
燻	1
れん	2
其業	1
砂漠	1
特異	7
枝	4
各種	14
好人物	1
拍子	5
吹上	1
要領	1
連絡	14
エライ	6
たくま	2
表皮	3
実演	1
樟脳	2
シロ	4
いよ	3
ざる	20
酔	2
ショック	1
目眩	1
旗	2
農	1
直径	1
籠	19
さわ	7
博物	1
情態	1
うんじょう	1
金持ち	1
スラブ	1
剣法	1
政道	1
シナリオ	4
字	180
ゆ	21
爬虫	1
背徳	1
あした	4
畏友	1
憤怒	1
祝福	1
遺徳	2
中風	3
片脇	2
大浪	2
瘤	1
見ず知らず	1
夭死	1
酒	7
立会	4
弛緩	1
むるのみ	1
併列	1
ペケ	1
読破	1
メートル	1
制限	2
ぎきょう	1
称名	2
エーッ	1
無念	4
帰納	1
書類	61
日進月歩	2
チ	2
白皙	1
裂帛	1
肝臓	1
ょうけちえん	1
前	321
怨み	7
遺志	1
四角四面	3
ノサバリ	1
裸一貫	1
心頭	1
出	25
っきり	9
彼等	4
年月日	4
司法官	2
相剋	3
共通	8
古往今来	2
空転	1
装置	2
カレンダー	9
殿様	7
ふしだら	2
純美	2
当夜	8
此程	3
もと	50
構成	2
ノリ	3
ろう	17
無頓着	1
正	5
敲	1
簡略	1
本籍	1
鉄瓶	1
あご	8
せがれ	2
ソックリ	27
ヤレ	2
芽	7
狼藉	3
五月	2
万事	5
けんらん	1
焼き	1
ドン	17
わし	32
散歩	5
修験	1
回想	1
しょうじ	2
生物	25
期待	8
略	7
おと	3
本日	3
続行	6
もろ	2
┘	1
薨	2
魔術	5
腐敗	11
人情	16
万物	4
朴歯	1
かおり	1
デクノ	1
批判	2
プライド	3
ローマン	1
くぎ	1
此事	1
見聞	1
藁	4
婆	2
罪悪	10
理	7
丙	2
折ふし	3
見分け	2
全知全能	1
持ち主	4
毎度	1
巷間	1
修業	1
つり	1
豆	1
放置	2
過重	1
意	2
ひね	4
ルモ	1
プカリプカリ	1
ビ	1
サテコイツ	1
なべ	1
教壇	2
芳烈	1
将来	17
流動	1
指輪	1
ナルモノニ	1
嫁	3
弥勒	15
回顧	1
辞表	2
水	27
葉巻	37
圏点	1
違	4
混同	3
サモサモ	1
同棲	4
排泄	3
賃	3
尊重	3
ぷん	1
旅程	1
有意義	1
真剣	14
かたっぱし	4
キチ	1
沿い	2
成金	1
毎夜	2
高潮	17
時日	5
ぐち	3
輿	1
お笑い	5
多分	3
会心	1
空間	16
ツイ	25
チュッチュッ	1
本来	4
クラブ	1
食料	1
難波	1
記述	8
もん	33
アハハハハハハハハ	2
勝気	1
諸点	2
此間	2
吉利	1
ヶ月	1
むとしたる	1
苦笑い	2
変化	40
きのう	15
サマ	2
でんぱ	1
手首	2
応戦	1
幾何	5
奴	49
敦	1
現状	4
隠遁	1
死別	1
食道	1
組	5
ガラン	3
当座	2
おおげさ	5
翌朝	4
警告	3
昏迷	3
官職	1
隅	32
議員	1
モダーン	1
のっけ	1
洋紙	1
家老	2
腑	1
無間	4
当分	4
暗殺	1
下等	10
願い下げ	1
壺	2
無色	2
隔意	1
ぎは	1
成熟	1
無神経	1
乾溜	1
鰭	3
鋭利	1
野暮	1
徹宵	1
原稿	17
薬物	2
ウラ	2
にわか	1
今宵	2
テッキリ	1
断頭	2
罰	2
天意	5
カカル	1
ツクヅク	1
警視庁	1
無垢	4
逆光線	1
色眼鏡	7
木魚	20
モコレニ	1
残骸	5
求心	1
責任	28
外交	1
詰腹	1
牢獄	1
事蹟	1
えがお	1
度合	3
みつぎ	1
ひたい	7
特急	3
マリ	3
風変り	1
奴隷	2
ストーブ	10
けむ	4
代物	3
締り	1
泥足	1
如月	17
+	1
自重	1
しか	47
けいれん	2
悪戦苦闘	1
七面鳥	1
寝棺	17
取り合わせ	1
結締	1
太田	1
以前	63
立証	15
五里霧中	1
相	11
貧民窟	1
就寝	5
忠勇	3
みつば	2
傍	32
玉	38
生き甲斐	2
宝石	2
局外	1
ボール	4
靴音	1
倣	1
酷	8
カラッポ	1
馳	16
男女	13
学長	2
伝記	1
どこぞ	1
云	23
海月	1
親切	11
小	3
体内	1
九月	1
極悪	3
クラ	1
独力	2
蝋	1
漆	2
大塚	1
残虐	8
アノ	7
身内	3
ダラシ	2
警笛	2
瘋癲	2
患者	105
潜在	18
撞木杖	1
すみか	1
貴様	1
自転	1
悪	2
霧	1
現今	3
際	17
ほん	6
セシムルヲ	1
ゲジゲジ	1
垂れ幕	1
土曜	1
帰国	2
がらんどう	2
添	2
青天井	2
毛嫌い	1
ウイスキー	12
健忘	1
朝寝坊	1
いさ	1
湊	1
指定	1
無類	5
無辺	10
アラカタ	4
お寺	8
励	1
爨婆	1
秀才	3
くじ	2
悠然	1
徒然	1
むように	1
帰途	1
新鮮	2
制服	5
人魚	1
旦那	1
千万無量	6
手練	2
鬼気	1
聳	3
雄弁	1
一神教	1
ヤッ	2
潰し	1
田中	1
ピョッ	2
満堂	1
口数	1
法廷	2
篇	14
ストップ	1
おなじ	1
始祖	1
たしか	2
他国	2
葛藤	2
横死	1
御方	7
品	28
珍妙	2
顔つき	1
方正	1
疵	2
すえ	1
虫下し	1
小型	3
病人	4
起工	1
背筋	2
粗	3
恢復	2
誘起	2
蔽	20
手初め	2
発作	59
蹴込	2
詞	2
斜	5
ネエ	1
通夜	2
らち	1
倉庫	2
不便	1
ナゼ	2
名乗	1
オマケ	1
カメラ	3
市外	3
由縁	1
襟髪	1
心事	1
ユスリ	1
犯罪	80
みんな	36
奇矯	2
投身	3
ていちょう	1
夾	3
——……	1
りんご	2
見舞	1
孩児	1
カッカ	1
吐	10
嘘八百	1
しんちょく	1
おのおの	1
らっぱ	3
皮相	1
かたがた	1
朦朧	2
ハイチャイ	1
驀然	1
厳格	3
久	1
基	1
厳存	2
づるもの	1
後継	2
同志	23
びら	3
捉	5
博多	5
稍久	2
新身	1
かんげん	1
不利	1
しった	1
滑	2
用向き	1
ザット	5
矮躯	1
投出	1
混雑	2
愛情	1
年齢	8
綜合	10
途	3
はるか	4
愉快	9
泪	1
手拍子	2
領主	1
数行	1
かたわら	14
イヤラッサナア	1
わか	18
惑面	1
きん	10
内定	1
タル	1
スックリ	2
波状	1
ドクドク	2
一転機	1
容態	3
崇高	1
白血球	1
捌	1
あくる日	4
経机	1
ウムッ	1
旧知	1
はり	4
風景	6
滌	1
鏡	38
一番	67
暗涙	3
西側	2
隷書	1
片足	3
メタル	1
御蔭	2
好物	2
多く	2
ぷ	3
北京	1
死刑	3
ユダヤ	1
ゃはん	3
ため息	3
当面	2
すっぽん	1
突	53
コビリ	4
世話	4
ちまき	1
春吉	1
サア	12
結髪	1
阿弥	1
禁厭	2
花嫁	13
力	130
首領	1
美点	1
台場	1
ほうじょう	2
出奔	1
ヶ年	1
面影	1
帆	1
せんめい	2
グシャグシャ	1
アリ	19
惨劇	5
微粒子	1
材木	2
無頼漢	1
蒼天	2
使い道	1
３	12
シイ	5
ひとつぶ	1
危険	9
背面	2
極秘	1
無害	1
嬉戯	1
宏大	1
ツ	40
コチラ	2
進展	3
読者	6
元の木阿弥	1
屍	12
裳	1
燃料	2
悲鳴	10
亀裂	1
ょうだいじ	1
吃驚	2
病癖	1
気象台	1
東洋	2
併発	2
近頃	4
葬式	2
姫君	1
代人	1
排列	1
完膚	1
鬟	1
頸低	1
首	45
銓衡	5
笑顔	3
ょうごう	1
あか	8
整然	2
ぱし	8
闇	27
磨滅	1
ルビ	4
みと	3
談話	19
逆様	2
峡	1
身支度	1
癇	2
感覚	18
コレヲ	3
高低	1
疵痕	3
本物	1
急用	1
院長	7
茶色	9
実子	2
穿	17
未決監	2
煙草	4
ドッコイ	2
憫	3
昼	9
風呂敷	16
辺	8
マニア	1
木蔭	2
イラズ	3
不規則	2
端緒	1
ポクポク	2
奇々妙々	1
プッツリ	2
ウマイ	1
何もの	6
まじ	8
達	18
開拓	3
役人	5
嫉妬	1
名人	2
しき	10
枚挙	1
怨霊	2
ども	15
除	11
政治	6
ヨーロッパ	1
解釈	7
遭	2
角形	1
サッパリ	4
憑	9
内幕	2
子孫	11
分解	5
いま	8
年来	1
実在	7
浅薄	10
昼間	2
唐変木	1
次第	44
無意識	16
ゴッチャ	4
４	5
円	7
摂氏	1
忠臣	4
ブランク	1
匁	4
剣術	1
絵画	4
きり	9
ズント	1
奴等	4
かしこ	4
竈	1
宝	8
しょく	3
年寄り	2
人力	3
右手	23
実情	3
本格	1
ぴり	1
倶楽部	1
天上	1
ブウウン	1
魔法使い	3
帖	2
ユラユラグラグラ	1
小用	2
用便	1
シドロモドロ	1
あおじ	1
螺旋	1
静養	1
イロンナ	1
歌	17
喘	13
所持	5
番人	1
使用	12
アト	3
金魚	3
ニモ	1
モヨコ	1
マアホンニ	1
右側	3
こいつ	12
コード	2
上方	1
当事者	2
パチーン	1
一葉	2
表情	35
申	34
メリケン	1
左上	1
真正面	8
魘	10
官能	1
遑	2
三昧	1
ぴにん	1
腕前	1
意義	3
山裾	1
裏	26
日本語	1
シミ	4
筒	3
上流	2
逃	3
爾余	1
観世音寺	1
しんし	1
絶句	1
まんま	10
着陸	1
台の下	1
目付き	1
無限	28
カックカック	2
大凡	1
記者	14
雖	8
真直	2
直し	1
雲の上	1
珍無類	1
枯梢	1
二つ返事	1
原則	24
角度	1
石鹸	4
パチリパチリ	1
察し	6
フォックストロット	1
明敏	3
義歯	6
グタグタ	1
ひだ	1
せっぱく	1
人々	32
満天下	4
脳病	1
ハッハッハッハッハッ	1
差支え	1
ほど	2
ピカリピカリ	2
洗練	2
覆面	3
緘	1
病	23
なんど	15
群集心理	1
大方	3
月光	2
艤装	1
ホント	14
麺	2
場	93
坊主	17
利益	3
気付	4
値	1
高笑い	1
朝方	1
美貌	2
フト	7
全能	2
蠖歩	1
釦	1
意気地	1
同罪	2
名付	11
薄明	1
本論	1
すごみ	2
弾	1
年	200
光線	8
フラスコ	1
執行	2
ヒクヒク	5
赤金	2
ガラガラ	1
一瞥	2
人違い	1
脳味噌	5
額面	4
中興	3
後足	1
感じ	24
一朝一夕	3
本年	3
どころ	18
海千山千	1
鮒	1
ひつ	1
けしき	1
観念	22
人物	19
硬化	1
うり	5
ぐま	1
需	1
塚	2
老練	1
甲斐	3
嬰児	1
かたぎ	1
ことわり	3
トースト	1
表	6
アインスタイン	2
ハアテ	1
一朝	1
甍	1
百	62
その他	44
客観	5
キモ	1
適	1
敗北	1
遺恨	1
皮切り	1
当り前	9
雷雨	2
猫撫で声	1
私費	2
氷雪	2
カニスベキヤ	1
ソウ	2
霜	2
オカカ	1
かぜ	4
http	1
箱	24
かたは	2
ギクン	1
蓬髪	1
罫紙	5
卒	2
元気	7
せっち	1
遮断	2
せわ	3
御沙汰	2
酒乱	1
正銘	3
生意気	1
ズイ	1
あたり	26
肉体	27
まがい	2
整頓	1
小便	4
お慰み	1
おもと	1
残り	5
工夫	8
陰火	1
差別	2
イタズラ	6
秒	12
婿がね	1
我	1
江	4
学部	11
好み	1
あお向け	1
此世	1
ガラクタ	2
はか	21
防波堤	2
皆様	4
免	1
初旬	2
白昼	8
没我	1
経	2
みほ	1
※［＃「（	1
強弱	1
ステキ	14
知らぬ顔	5
日毎	2
ヤッツケル	1
記入	5
喘息	2
故	7
飛び石	1
土	30
アトム	2
千代	1
取次	1
づり	1
紙上	3
胎	1
所在	4
ガチャガチャ	3
帝国	26
自称	3
委託	2
びつつ	1
ＯＣＴＯＢＥＲ	1
わざ	16
ヲ	3
ゴム	4
批難	2
欠席	1
けし	2
星廻り	1
発見	93
審	1
とかげ	4
静	3
痛み	17
仏前	2
大盤石	1
94	1
一言	18
自覚	20
たび	8
ドウジャ	1
一点張り	1
名吟	1
態度	53
人格	19
ナント	11
神業	1
腰掛	2
。［＃	1
じゅうりん	2
出生	1
証人	1
邪法	1
仕置き	1
足跡	7
スローガン	2
ボールド	1
縷述	1
水の泡	1
腕時計	5
コメカミ	2
ッテ	1
同室	1
したたか	1
おろか	3
ズラリズラット	1
アーメン	1
がさ	3
冤罪	1
レムブラント	1
真先	2
能力	10
ラジオ	3
如是	1
じき	4
トット	2
素	18
自費	1
けさ	25
大股	1
満員	8
イカ	2
未曾有	1
塩梅	4
ブルーベヤード	1
反対	14
僅	6
形式	7
奉職	3
ウインナ	1
お手の物	1
歳暮	1
端書	1
贅沢	2
半信半疑	1
ピクピク	1
鎮座	2
血縁	4
つる	3
屋敷	1
あじ	5
伏し目	1
薄情	1
赤恥	2
核心	5
失恋	4
返却	1
ポッチ	2
学	58
白髪	6
出身	1
高尚	2
ウハッ	1
ブツカル	1
モヨ	53
アトリエ	1
アラキ	1
留針	1
秋	5
灯	5
火事	2
旺盛	1
炭坑	4
ゃりつ	1
度胸	2
七	60
超越	18
女房	3
無礼	2
寝顔	13
汎	2
千秋	1
汽笛	1
是非	24
ロ	7
ワレツツアリシ	1
郎	8
伏在	1
慧敏	1
新派	1
配下	1
木像	1
付け	5
亘	1
皆さん	11
感謝	5
ぢ	4
日誌	2
渦巻	1
学生	19
鶴川	1
浮気	3
的	364
人為	1
非人	2
秘奥	1
万引	1
端麗	2
らいさん	1
土盛り	1
ようえい	1
切戸	4
雨戸	7
輿論	6
前夜	6
鼻緒	1
年少	1
大変	21
圉	1
民衆	5
びと	1
クッ	1
さっき	21
規則	3
さいせん	1
ヒョクリヒョクリ	2
急変	3
丹青	3
馬鹿	39
短刀	4
無欠	3
読み	1
メズ	1
むら	3
胴	3
遭遇	1
鍍金	1
甲高	2
外観	3
鬢	3
敵	6
コウ	2
発火	2
惨殺	3
セリ	1
言	13
5	5
寧	4
末代	3
姓	2
畳	10
満々	1
幻滅	1
不安	6
新式	4
シャツ	5
仰天	3
最年少	1
閑暇	1
詰まり	5
一基	1
原始時代	1
婦人	22
主人公	19
ちの	2
素敵	9
おご	1
ハニカミ	1
一気呵成	1
ウン	16
家出	4
釘	2
まとめ	1
かく	37
モーニング	5
さる	3
アニリン	1
参照	9
椀	1
生み	1
方位	1
何等	41
妻子	5
緒論	2
食指	1
くら	44
因果	28
野蛮	6
模倣	3
ゾンザイサ	1
いんとう	2
仏土	1
独り占め	1
賑やか	2
感情	16
毎朝	2
キリスト	3
テ	3
欠陥	2
性的	9
貴族	1
アンテナ	1
死骸	10
26	1
／″＼	1
切れ味	1
偈	1
栗	2
キワドイ	1
ンダ	1
手	215
ビックリ	39
きい	1
実見	1
記載	4
入れ	1
原始	6
摘発	4
スベシ	1
黒髪	1
粗放	1
じんかい	2
権現	1
活	7
篤志	1
青天の霹靂	1
九州帝国大学医学部精神病学教授	2
ツタンカーメン	1
ジダンダ	1
溝	4
俳体	1
此家	4
しぶき	1
ばい	4
ふく	4
山城	1
廩	2
崩れ	1
白痴	2
ラムプ	1
喝	1
あずま	1
愕然	7
いた事	13
キテレツ	3
後鉢巻	1
愛着	2
骨組み	1
停年	1
不朽	1
手筈	4
最大	8
公卿	2
黒色	3
南方	1
力添え	1
表向き	1
村里	3
狙い	1
持主	7
けう	3
制裁	2
年代	7
無自覚	2
るい	5
階下	4
アアア	1
口上	2
綽名	3
永世	1
いずれ	29
走り書き	1
サアサ	4
入道	2
さと	2
-	105
［＃「◇	3
ぼうこう	1
性	35
厳禁	2
寸	18
病的	3
こしゃく	1
哀傷	1
あしか	1
安楽	1
最後	54
包み	22
その後	23
おのれ	4
不浄	3
マア	3
欺	3
石油	1
意気組み	1
十	332
怪我	3
布子	1
食器	1
ワナ	6
縦横無尽	2
大作	3
見料	1
時候	2
ヒヤカシ	1
天平	1
弔	1
繁華	1
ウジャウジャ	5
老	1
発汗	1
はや	1
人民	2
いちろう	1
菓子	1
U	1
的中	2
殺人	17
ざら	3
持	3
写真	29
網羅	1
狸	2
ラザル	1
中間	3
好敵手	1
生理	7
煌々	5
ララ	3
荒磯	1
人道的	2
ハズ	1
揉	7
首筋	4
ヤット	12
切支丹伴天連	1
＃	1
器械	10
融通	1
短針	1
猶予	1
唾	3
合一	1
高貴	1
作成	2
ちょく	2
縁起	15
述	6
私慾	1
形相	5
スッテンコロリ	1
黒ん坊	2
あな	8
今年	5
甘美	1
うた	11
儀	17
名目	1
体臭	1
ザック	1
差し	1
巫	2
迷動	1
枯れ草	1
巻頭	3
丸	15
及	17
舞踏	8
踊り	1
迷説	2
筑摩書房	1
書き	2
毒薬	3
規定	4
馬力	2
勝負	4
気違い	3
慈愛	1
呵々	1
三碧	2
前記	13
宵	1
精鋭	1
後退	2
命	5
兼任	1
一生	6
貴殿	1
納	1
えびす	1
陵	1
粟	5
狂い	16
あちら	6
デパート	1
孤立	2
児女	1
惑い	1
感化	1
づれのような	1
踏外	1
余裕	3
楽天的	1
御存知	1
美少女	27
その頃	3
歯科	1
レッテル	3
上手	4
唾液	13
だるま	7
しんがい	3
スカラカ	39
ふくろう	1
一役	1
コグラカッ	1
人的	1
明	21
架空	1
アン	5
陳述	4
機敏	2
飛越	1
神秘	33
ぎも	1
悲劇	7
腕まくり	1
ケー	2
サッキ	1
顎	11
タラ	3
春霞	1
奥様	1
お前	42
優雅	2
堕落	4
興奮	5
おすすめ	1
奇勝	1
泣出	1
錯覚	50
木の葉	1
技手	1
遺物	3
夕方	7
疾呼	1
印度	3
華燭	1
ずり	1
87	4
式微	1
嫌い	3
ょうとうしょうがく	1
いしゅう	3
敬慕	1
発達	7
行政	1
風潮	2
極致	2
天竺	6
りゃく	1
物品	1
死	29
先進	1
駆逐	2
揮	6
すま	1
ょしじょう	1
浄書	1
医学	29
掴	2
マザマザ	2
込	7
仏	18
簡明	2
みやげ	3
組合せ	1
女学校	2
エツツ	1
烏	1
人間	315
十分	11
地表	1
村役場	1
ホホ	1
凝視	45
コト	1
ぼうぜん	1
先程	2
はぶ	1
朱	3
理窟	2
努力	16
平気	17
暗闇	2
参観	2
短時間	1
琥珀	1
木製	1
ふぎ	1
有耶無耶	1
東京	16
本人	34
人種	16
見え	2
教示	1
黄檗	1
花札	1
幾度	11
罪	30
弓矢	1
喜び	3
バス	2
浄化	1
澄明	1
カステラ	4
憤激	2
仁慈	2
向上	1
ナキ	1
すさ	1
新生	1
適任	1
破れ目	1
お七	1
肴	1
関聯	3
ナマンダ	1
集まり	2
大持て	2
看護	25
メリヤス	1
零	3
作品	3
巨漢	1
手落ち	1
宿所	2
アトカラアトカラ	1
お断り	2
銀行	3
遁	2
翌年	1
員	1
辛	23
木	22
手紙	7
遊発	3
近親	1
学院	1
尤	23
病室	15
写生	4
ざんげ	3
向う側	1
誘	1
暴風雨	1
ホツレ	1
回避	1
ウロタエ	1
逆上	1
旧来	1
箒星	1
取りあえず	2
ものがたり	5
キン	6
駄	2
流露	2
後年	1
時々刻々	4
銅	2
書付	1
うじ	14
クローバ	2
製作	7
断定	3
アルケオフェリクス	1
粗末	1
悲断	1
熱海	1
以後	6
備付	1
意地	1
反響	12
演説	24
花輪	1
八月	1
うしろ姿	3
タイシタ	1
自身	206
かに	12
掃溜	1
悲恋	1
高圧	2
楷書	1
作り方	2
巳	1
機体	1
巨木	1
83	3
疾患	1
今	345
正真正銘	3
運	6
杯	5
竦立	2
転身	1
手足	21
たん	12
一目瞭然	1
まなざし	1
此上	1
清隆	1
提出	14
煙突	5
推量	2
王	4
応接間	1
男児	1
青筋	2
もすそ	1
せいれつ	1
ょう	15
帰	3
潤	1
明察	1
鼻糞	1
単細胞	5
儀礼	1
随喜	1
無二	4
嵬	2
妾	68
？？？？？……。	1
奔放	5
ドロ	2
手段	46
生木	1
臣下	1
瓦	13
起居	1
御座	3
寵愛	1
踊り字	2
ソイツ	3
広汎	3
中横	4
ドウシテモ	1
敵本	1
あぜん	2
むかし	3
オ	4
傾聴	2
あざ	3
ネクタイ	1
お呼び	1
けいがん	1
コツ	2
ケッタイ	1
明るみ	1
厳重	6
家柄	4
烙印	1
無双	6
男子	9
行力	1
別れ別れ	1
不詳	1
茶菓子	1
め	155
ヨリ	8
執念	1
就職	1
ポキンポキン	1
裏書	2
補遺	1
ぎゃく	3
告	2
一隅	5
腹痛	1
撞	1
頃	74
時刻	7
まとも	1
閉籠	1
他人	41
白木	6
併	17
名	50
ゅはち	1
顕微鏡	10
ジテ	1
沼	1
とりどり	2
煩悶	4
ょうど	1
ナアーン	3
結縁	2
法衣	1
ガンガラガン	1
至極	5
ムラ	2
ビーカー	1
殴打	1
幻像	2
頭痛	3
連れ	2
ざんにょげつじ	1
番号	10
脈搏	5
タヨリ	3
エバ	4
五月晴	2
宿	1
入力	3
烏滸	1
本当	15
極楽	4
曝	4
反抗	5
遅鈍	1
品行	2
雇人	2
説法	1
縷々	1
雲霞	1
ヤイ	2
落着	1
上	379
年俸	1
デスク	1
太平	1
イヤア	1
前代未聞	7
涎	2
御苦労	8
うんか	1
分間	9
検事	3
蒙昧	2
眼力	1
ほんとう	7
尻	14
伊勢	2
期間	2
使	7
卜	1
後影	1
胎児	104
天下	22
性交	2
休養	2
切	16
疫病	1
時季	3
気抜け	3
逞	4
かね	10
文弱	1
格子	4
団塊	1
添役	1
延焼	3
頭文字	2
身分	11
破片	5
図書館	4
あべの	1
孵化	2
焦慮	1
立ち会い	3
暇	9
疾走	1
団結	1
頬紅	2
懐中	5
韻	1
複雑	13
阿呆陀羅経	6
起草	1
破り	3
つっかい	4
僥倖	1
スッカリ	38
作法	1
奇々怪々	2
字幕	16
陶器	1
釈放	1
兇漢	1
衝	5
形容	24
運命	32
のぶ	1
言論	1
進捗	1
プロ	2
不承不承	1
ゴチャゴチャ	2
済	2
あんど	3
介	1
抵抗	6
注	2
監獄	4
たか	7
不断	3
犬山	1
サラケ	1
いのち	24
電流	6
がせ	1
あそこ	7
┐	1
悉	11
きよ	6
砥	1
コンクリート	12
芸当	2
ねじ	2
愛撫	4
檻	2
偉観	2
竜	4
映像	1
苦笑	1
強力	1
帰りがけ	3
だび	1
描	12
じみ	1
板張り	3
ほんま	1
胎生	15
地物	1
阿弥陀	2
惹	4
節	8
過程	4
つじつま	6
渡り	2
境遇	1
引摂	1
関	1
お蔭	21
朝	22
服	34
観音	1
焦点	13
境	3
到来	1
投棄	1
擬	3
適合	1
あみ	6
名刺	10
変遷	1
陰	3
松原	15
凱歌	1
呼び出し	1
ビタ	1
前掲	2
グイ	1
ょうやと	1
ためいき	1
香煙	1
サナガラ	1
糸	17
管	9
分担	1
釣り	1
髭	1
質問	30
霜降	1
猜	2
門前	1
シイル	1
覗見	3
林泉	1
滴下	2
争い	1
上靴	3
マジマジ	2
サ	3
体力	2
ハガキ	1
乳	3
纏	3
奇怪	34
クルリ	10
昔	52
切れ目	5
馬頭	2
疑点	4
ワア	1
草案	1
コトコトコトコトコトコト	1
身	49
ピストル	3
フェチシスムス	1
高度	1
ょうやとい	1
根	13
厳守	3
ぺた	2
歔欷	1
延喜	1
フォン	1
竪	1
気焔	2
ダンチガイ	1
喝采	5
黴菌	3
透徹	2
看過	1
クライマクス	1
幻視	10
グルグルグルグルグル	1
ちく	4
身ぶり	3
箇条	9
無道	2
金糸	1
ガムボージ	1
穢	5
凄味	2
背負い上げ	1
那	1
心得	1
ズンズン	4
がま	4
髯	6
心中	3
配置	1
雷	4
むがままに	1
簡単	23
回	40
一覧	1
内壁	1
要	2
潔白	1
小野	2
ナルジスムス	1
姻戚	1
俯仰	1
ほうき	3
万	72
口碑	1
浮沈	1
当局	12
迷宮	12
唸り	2
みか	2
近代	8
ブチ	5
モグリ	1
持仏	1
白文	2
燈絵	1
憎まれ役	1
11	1
困難	5
アパート	1
思惟	8
口調	15
かわら	3
正視	5
光芒	2
はちまき	2
陣羽織	1
ドタン	3
プレミヤム	2
人並	2
勃海	5
神官	1
ナスリ	1
時計	41
スト	1
こっち	36
創設	3
鋏	6
公明正大	1
お迎え	1
倦	3
栄耀栄華	1
訳	102
手錠	3
古来	7
潰	6
誓言	1
切手	1
暗黒	15
土下座	2
衣紋	2
エース	1
筆力	2
蓬	8
一片	8
】——	1
ガッキリ	1
しのぎ	2
夥	7
土産	4
きざ	5
推移	6
鉄	17
徹底	8
弗	1
面壁	2
豪族	1
あく	9
洋書	2
阿鼻	1
赤血球	1
鏤	2
本堂	8
製造	4
肘掛け	3
しゅもく	1
専攻	1
星	16
席	1
訪問	2
もうけ	1
鑑別	6
古人	1
最愛	3
常套	1
シッシッ	1
後家	4
なつ	2
障害	6
スタスタ	1
ゅこう	3
地面	1
福	1
やう	18
ついで	15
イヨイヨモノスゴ	1
職	2
爺	4
一等	1
震動	1
蟇	2
ペキン	1
能書	1
増長	1
有能	2
利剣	1
倒錯	9
壮観	2
お手数	2
固有	3
栴檀	1
暑中	1
真只中	1
宗教	7
剣	2
計量	1
興	1
ろか	1
宦官	1
こうごう	1
兄さん	13
美	14
そちら	2
聖書	1
猛獣	2
当番	1
黒星	2
六	89
なじみ	1
紫	7
目星	4
山人	1
す	39
普通	62
メチャクチャ	4
松	11
常住不断	3
期	6
医局	1
倒懸	1
妖異	6
掴み	1
蔓延	1
白	29
しんかん	2
中絶	3
悽愴	8
兄弟	4
拝見	1
威圧	1
あまり	4
包装	2
両極端	1
目前	1
昂奮	13
楽しみ	8
悪業	1
変幻	4
日々	2
転	1
卵	7
結局	15
膚	1
謡曲	1
キリリ	1
ガッシリ	1
止	23
ドタリ	5
静止	6
23	1
伝説	24
各自	4
緋鹿子	3
山海	1
顔料	2
左	35
素人	8
トグロ	4
権柄	2
検診	1
聞知	1
梟	1
ちり	4
白堊	1
ネゴト	1
どれ	11
サッサ	7
乞食	11
敢	6
鬼胎	1
みえ	2
湯気	3
新聞紙	6
ずきん	1
主義	15
渇望	3
ナアンダイ	1
伯母	14
こんじ	2
ヘエー	3
斯様	72
朝日	1
眠り	6
改札	3
行く先	1
鍬	62
茶	9
鍵	24
高	7
頭巾	2
氷塊	1
コチ	2
しゅしょう	1
起源	1
天守	4
役者	1
脱落	3
白金	2
素足	1
わがはい	1
ょうもくがいしん	1
生存	12
鑑定	9
みの	4
暗示	72
冷淡	5
目当て	1
がらくた	1
公理	1
肉付き	2
セツ	1
体躯	1
菩提樹	1
母子	10
肥前	1
ん	401
托	2
この間	7
冷笑	16
跳ね	3
ゃかむにぶつ	1
合致	1
ついたち	1
地形	2
滅多矢鱈	1
動物	44
エイッ	1
出演	1
ポンプ	1
槍	2
金箔	3
厳正	4
坊	3
ザラ	1
探聞	1
軸	5
涙声	1
ギューギュー	1
身動き	5
蒼白	4
消息	6
耳朶	4
野	13
進路	1
固辞	2
拡大	4
午後	17
生滅	1
ペ	2
窪	1
奥底	4
論証	3
殿	20
同年	7
愚	1
虫	26
イギリス	1
落涙	1
関の山	1
眩惑	5
流石	5
人母	1
Unicode	1
四壁	2
投	6
第一歩	1
物的	2
南無阿弥陀仏	2
チャンポン	1
文殊	1
原因	33
コスモス	1
個所	4
窶	2
怜悧	5
すてき	1
挙手	1
医科	4
ジミ	4
クル	1
いも	5
ナニ	17
航空	1
得	9
膀胱	1
熱心	9
裏面	28
繰返し	7
傲	1
ツクルクル	1
治療	158
木札	3
ずく	4
あい	7
贔屓	1
無駄骨	1
並び	2
訶	3
ニテ	1
井戸	2
ダイナマイト	1
溶暗	8
行路	1
満潮	1
深夜	7
機構	2
ツケ	1
御前	2
鼻息	1
過敏	2
換え	4
稟	3
切石	1
鯱	1
印象	7
おうじょう	1
地道	1
腫	3
旅僧	2
併用	1
たけなわ	1
誰	118
その間	27
バンコ	2
ウハハハ	1
高雅	1
体質	5
ミイラ	3
惨事	4
方角違い	1
火	33
珠	5
紹介	14
さつき	2
籍	1
吟	1
千年	1
間借り	1
愛慾	4
防腐	1
駅前	1
お待ち	5
憚	2
百科全書	3
廻	8
横道	2
画工	1
横町	1
えい	5
就	25
路傍	1
金儲け	2
迦耶	1
サモ	3
落滅	1
戒め	1
jp	1
金ずく	1
質	10
校閲	1
抱え	2
女文字	1
13	6
兄	79
姿	176
樹立	2
泥	7
巡査	13
算盤	2
早	5
悪僧	1
届出	1
同体	2
玉露	1
巡礼	1
兇刃	1
謀	2
無鉄砲	1
ヒョット	1
代	72
顔色	9
昼夜	3
恩賜	2
暴れ	5
薄弱	3
無法	1
もっとも	2
内心	1
麻酔	23
理詰め	2
也	7
もうこ	3
整理	5
露出	2
ユッタリ	3
曠古	6
エッセンス	1
天	12
とい	2
眼前	5
界隈	5
印刷	3
過失	2
ソロリソロリ	1
大小	5
上体	1
カチューシャ	2
廻し	2
最古	1
物ごし	1
渡	1
前日	7
放火	6
文庫	3
甚	12
家庭	7
種子	2
芬	6
綻	1
幅	3
エヘヘ	1
工事	2
犬死	1
手取り	2
接触	1
無益	1
重量	1
——「	1
基本	1
細か	4
定	3
鈴木	1
温和	1
生血	1
不休	2
バンド	1
史学	1
——	249
不易	1
死命	1
居所	2
手間損	1
蹤	1
土佐	1
不倶戴天	2
極度	23
模様	22
両側	2
奇観	2
年増	4
原	3
エエカナア	1
朔日	1
手招き	1
目礼	4
鎮守	1
観	5
ユラリユラリ	2
カラザレバナリ	1
闡明	2
なほ	1
半分	26
縫合	1
物の怪	1
現場	10
二の句	1
思い付き	3
頭蓋骨	12
供養	7
緊	2
作製	2
心機一転	1
イクラカ	1
はたち	4
潜伏	1
退屈	2
ベーコン	1
絵筆	3
モリモリ	1
禅学	1
独特	19
只今	61
守札	1
最新	3
前景	1
災難	3
一概	1
丁度	2
香奠	1
危機	4
知り合い	1
タタ	1
白黒	1
——。	3
まり	7
善人	1
精虫	1
千辛万苦	2
凶	1
小学校	4
肺病	3
梅	1
家	152
食物	2
国家	7
湾内	1
噴飯	1
クモ	1
ノート	4
沢山	9
無料	5
神仏	1
はんしょう	2
絶壁	2
盛り	1
道楽	6
全国	3
開闢	1
支那	13
エート	2
名著	3
呻吟	1
透	3
ヒッソリ	9
各部	3
テープ	1
検印	1
香気	5
のど	5
らく	9
竹柄	1
雪隠	1
凡夫	1
赴任	1
つづ	4
封切	3
双眼	1
素絹	1
土手	1
至宝	1
なす	4
大	15
）——	1
一刀	1
吉辰	1
夫	11
はかま	3
開始	5
自習	1
スウーッ	1
タオル	5
官衙	1
夕刊	3
市川	1
りつ	3
価値	19
しな	1
地図	1
お詫び	3
長短	2
へ	1
独裁	1
球体	1
鬼籍	1
厚顔無恥	1
擦傷	1
せいそう	2
貴下	3
こちら	30
フォルマリン	2
銘	1
額ぶち	1
すずめ	1
万が一	5
不眠	2
ヒクメキ	1
引き	4
彩管	2
鎧	1
歳月	1
不可抗力	1
後	147
莫大	1
実感	2
全速力	3
行き止まり	2
千里	2
モト	4
添加	1
冷遇	1
ねぎ	1
はっかん	1
御寺	1
本質	2
めがね	2
同氏	2
長屋	1
チッチッチョン	1
ゆえん	4
チッチャ	1
忠雄	1
京染	2
納得	1
四つ	2
こなし	1
幾多	4
返し	6
田圃	4
有効	4
弟	1
皮膚	17
物腰	2
名勝	4
祭神	1
払い	1
傷害	2
美感	5
晩秋	1
気先	1
宣伝	4
邪魔	8
拝借	1
欲望	1
むべ	1
意気	6
身の毛	4
はしご	5
尻尾	3
午前	10
玲瓏	1
径	1
遺骨	2
首すじ	2
審理	1
蠢	1
いのこ	1
ドス	1
自由	29
冷やか	9
消滅	5
ジャズ	1
まひる	3
愛惜	3
きぐ	1
山水	2
勤続	1
魔力	18
別嬪	6
二股	1
黛	28
うっけつ	1
ヘヘイ	1
偉丈夫	1
発行	4
綺麗	9
気の毒	9
覗き	4
業	5
種々	3
ドクトル	1
名うて	1
雲烟	1
かた	27
語気	3
来	9
情緒	1
嫌疑	9
滑らか	2
見地	3
挙	3
逆戻り	1
野白	1
強直	11
神前	1
白河	1
涕泣	4
山寺	1
ドキンドキン	1
おり	1
段違い	1
外貌	1
裲襠	3
おもや	3
戸袋	1
広告塔	1
時代	56
断り	1
フフフフ	2
美濃	1
岩畳	1
出任せ	1
夢中	115
各個	3
一角	3
ゅんしゅ	1
口吻	1
しわ	4
こども	1
取り	9
ベラ	2
野郎	4
随	3
口臭	7
集め	2
侮辱	4
たんげい	1
転籍	1
コブシ	1
瞳	29
時分	9
謎	13
軽蔑	8
オオ	3
［＃「…………	1
外形	1
形	63
アラユル	15
万華鏡	1
道理	21
狼	2
褄	1
住持	2
概要	2
ブツカリ	1
並行	1
竿	1
毛皮	2
例証	2
感銘	4
一致	16
謳	1
ただ	12
軍事	1
隅っこ	1
蜿蜒	1
一人娘	1
寝起き	1
視力	1
追跡	1
好戦	1
影響	9
からがら	2
アンタ	1
棺桶	2
うらみ	2
極地	1
せんりつ	1
味方	5
供人	1
真ン中	1
お侠	1
体	28
なにがし	4
下宿	7
喃々	1
剰余	1
藤太	2
の	1755
時	388
静か	34
看取	2
供	2
こうじゅ	1
なり	8
恐れ	3
七さん	1
虱	3
勝	12
墨	2
富豪	8
国体	1
押え	2
ポスター	2
均整	1
黒子	1
膝小僧	1
事柄	6
領地	1
手際	1
水入らず	1
ボー	5
懸念	1
きぎ	1
折角	4
オヤッ	1
衰弱	10
絵姿	1
水蒸気	2
郵便	1
単純	10
藩	9
転々	2
ぶり	14
お構い	1
コノ	1
穏やか	1
甥	2
片手落ち	1
小使	20
うなばら	1
おし	6
みこ	4
曰	15
シャクレ	1
暗影	1
ら	186
交	15
蝋石	1
謹厳	3
リテハ	1
コンパクト	1
容色	1
銀波	1
ぴょうほうじ	1
蹄	2
昏倒	1
松柏	1
X	1
本館	10
俟	3
恥辱	2
キッカケ	3
北欧	2
装	5
くせ	1
甘粕	8
共	18
作歌	1
逢坂	1
勲章	3
じょうろ	1
もうまい	1
欠如	1
すじ	18
栓	3
ダモ	1
麻布	1
這般	4
扼死	1
舳先	1
発	11
植物	2
合図	1
ゼヒゼヒ	1
惹付	1
絆	1
いかが	7
ポコポコ	2
スバラシク	4
両端	1
宣戦	1
フロイド	1
祈祷	5
ドウダイ	6
80	1
上半身	4
モバド	1
引導	2
親密	1
飜筋	1
内臓	6
破れ	5
隠語	1
背	10
露骨	3
著述	5
流	2
ヒネリ	1
合財	8
特有	14
ナカ	26
手数	8
談	5
乱髪	2
三千世界	2
てんじょう	2
大脳	1
茫乎	1
御意	1
絳絹	1
前提	4
捕捉	2
敷	2
幼	1
精密	2
昨年	4
営養	2
警官	1
気勢	1
鬚	5
頽廃	2
欧米	3
中腰	2
夕	2
長汀曲浦	1
咽	5
千万	2
僅少	1
来年	1
ウルトラマリン	1
ムニ	5
なぞ	60
餓鬼	1
妄執	2
有我	2
奇天烈	1
給与	1
巨大	22
動機	9
妄想	6
森羅万象	3
倍数	1
名残り	3
ハタイ	2
ハル	1
ャカポコチャカポコチャカポコチャカポコチャカポコ	2
上覧	2
唖	3
巨万	1
モットー	1
しんこう	1
飽き	1
賞翫	1
押し借り	1
ハハ	1
官報	2
案	4
晩酌	1
慣	1
みな	2
突落	1
奮起	1
虎の巻	1
越	2
空閨	1
解決	20
＃「◇	3
警部	12
パン	4
微生物	10
誇り	3
絶	7
ストラングマルク	2
ろちょう	1
やみくも	1
真似	18
ツカツカ	2
延髄	1
萌	1
散らし	2
閉	9
ぎわ	2
愚弄	2
冷蔵	3
弟子	1
チチ	1
追手	1
流涕	1
旅費	1
1935	1
皆	36
貼付	1
野山	5
構外	1
白墨	1
えんか	2
深長	3
良	5
書	69
男の子	1
離れ	1
ヨボヨボ	1
普及	3
呑気	3
頑固	1
濃厚	2
謀殺	1
一節	1
シャボン	2
異形	1
ロクロクビ	1
愛国	5
15	1
引	32
周囲	18
空洞	7
悄	1
独歩	1
天変地異	1
顔立ち	2
ふし	5
長方形	2
つば	13
権利	4
そいつ	24
カスレ	2
呪い	3
古手	1
真暗	8
ベタ	2
スベキ	2
速度	1
必要	29
長生	1
サラ	1
罪業	2
変色	1
ヤン	1
コツリコツリ	1
間柄	3
検挙	2
溶解	1
臓器	2
ゅうせいそう	1
牛乳	4
妄信	2
不足	1
哭	1
同感	2
好男子	2
溜息	14
ちみつ	1
天体	1
タジタジ	1
唱	2
同姓	1
村	12
文明開化	3
オマンマ	1
拙著	2
夢うつつ	9
忽	14
遺族	2
窃盗	1
山積	1
隠れ	1
煙	47
放校	2
故障	8
ぎる	1
ぐばかりなりしが	1
逆	12
汝	3
昨今	1
手掛り	1
附	19
法事	3
かかと	3
手許	9
股	6
宣告	2
ヘヤピン	1
塗	15
ほこり	5
石造	1
証言	4
鰻	1
小遣	1
天台宗	1
バルカン半島	1
筆	16
葭	1
あら	5
オデコ	1
こしょう	1
大入	3
ノトコロ	1
一転	3
閼伽	1
どうせい	1
ひさし	1
無用	6
飾	1
鋸	2
ボタン	1
学者	46
喝破	3
ケラ	6
渦紋	1
ベルグソン	1
おい	3
さっしょう	1
もの	873
じだんだ	2
註文	5
億	24
帯締め	3
眉毛	1
ホルモン	1
応酬	1
袂	2
高次	1
びじめ	1
相談役	1
病原菌	1
床や	1
無造作	2
下層	1
ズクリ	1
抜き	10
ようこ	2
最近	14
丸裸	4
粉砕	3
ケル	2
生霊	3
鱈	2
嘴	1
泣き笑い	1
悟道	1
進士	4
しゃくやく	1
真鍮	7
フランス	3
針	14
暗箱	2
伏せ	1
両道	1
わ	15
様子	38
タワイ	4
幸い	2
長方	2
物狂い	2
帰結	5
イツ	5
クラシタ	1
因果応報	5
きわ	1
酌	2
雨	2
太陽	18
電線	1
横路	2
うえ	1
ぐゆう	1
いとこ	6
桑	1
ジン	1
都会	4
うろこ	2
ケルガ	1
計略	3
天山	1
陽気	1
子宝	1
心当り	3
名乗り	1
黒	57
一家	11
あらわ	3
はめ	3
引受け	1
自動	3
蚕	1
不明	15
ニューヨーク	1
キ	9
デカ	1
ふき	1
見込み	5
ギロチン	2
ところ	251
虚無	6
打診	1
死滅	2
落凹	1
こうかん	1
無筆	3
論理	1
苦	15
列車	2
砂地	4
癒	2
コック	1
書物	14
交通	5
罰金	1
繻子	1
使い	3
モーション	1
涙	46
つま	14
服装	1
引継ぎ	1
野犬	1
打撃	4
珍奇	4
屋	26
地帯	5
認	14
アハアハアハアハ	1
最小限	1
指摘	3
讃	2
力量	2
フルナ	1
始まり	1
がい	19
アレッ	1
ハタキ	2
長崎	5
君臨	1
女王	4
おめでた	1
ソロ	37
絶世	8
附属	9
突込み	3
用務	1
ヒョイ	3
指紋	9
我国	2
イタイケ	1
結構	3
高山	1
てい	13
何とか	1
衆	5
放題	2
にし	2
大鷲	1
切抜き	1
からっぽ	1
駆使	1
勝手口	6
気任せ	1
いし	9
りんね	3
墓地	1
雲上	1
笑	14
厳密	1
月給	2
シーク	2
低能	2
間に合せ	1
寒	3
せり	1
今月	1
髪	25
中味	7
しゅう	4
コレダケ	2
びん	4
歎息	4
鼻汁	1
旅	1
コバルト	2
邸宅	1
判明	32
中枢	1
アメロンゲン	1
つくし	2
毛虫	1
一座	1
隙間	11
損	4
知	2
同家	5
上杉	1
平野	1
胸高	1
気もち	3
本懐	2
羽織	3
細引	2
某	7
至徳	1
凹	13
取付	2
肩幅	1
決勝	1
液体	13
籔	1
旧式	5
芽生え	2
内外	2
皸	1
鳧	1
」——【	1
度合い	2
顕	3
ょのつき	1
あいそ	2
布	8
出入	4
創作	3
機縁	1
後頭部	4
国宝	1
菩提	1
後裔	1
誇大妄想	2
一寸法師	1
高下	1
劈頭	4
弁士	1
近年	1
北風	1
改	1
あすこ	2
ドシドシ	3
早良	4
親戚	1
茶の間	1
度目	1
つめ	10
いつ	19
匐	5
たいはい	1
説	4
都度	1
象牙	1
次元	4
無関係	10
調法	2
炭田	1
同心	1
フフフフフ	2
ソレッキリ	1
薄	7
涯	8
裁判所	5
農業	3
町中	1
本末	1
急速	2
はさみ	3
永遠	3
一寸	7
固まり	3
ウワ	1
睨	7
ウ	20
愛嬌	1
豪農	1
床上	3
虚実	1
タッタ	79
部屋	84
研究	249
鉄柵	1
観察	45
社	2
件	6
フーム	9
長恨	1
思切	1
急務	3
フロック	4
徴	1
屏風	1
寄生	1
しあわせ	3
書画	1
うし	58
卜筮	2
翌々日	2
霊	27
老若男女	2
島	1
等差	1
ビショビショ	1
全集	1
大振り	1
揃い	6
袋物	1
ピカリ	1
足立	1
日常	6
深酔い	1
一文字	2
救急	1
ぴと	8
今一つ	21
板張	2
貴人	2
綱	3
隠蔽	12
月日	1
詩人	4
白衣	1
鯨骨	1
意外	15
考究	1
設備	1
傾向	10
形象	2
腰巻	1
火花	3
断々乎	2
露	8
お見舞	1
市街	1
胡	6
変通	1
其心	1
ボロボロ	3
講堂	2
資本	3
羽翼	1
窮屈	2
満場	1
竭	1
ギイイ	1
サーチライト	1
中継	1
言動	3
窃	4
抛棄	1
絶息	3
威嚇	4
難儀	1
はん	7
ギュー	1
ムル	1
金杉	1
傷者	1
土瓶	2
定住	1
風光	1
二つ	46
室	134
待遇	4
形成	3
木乃伊	5
八代子	19
さりげ	1
ンンン	6
減少	2
養	2
スタイル	1
敢然	2
本筋	3
飛行場	1
うの	2
勃興	1
ぶつ	8
永劫	3
ソット	2
川	3
計画	6
街頭	5
モットモット	4
死後	10
略記	1
伯仲	1
天然色	3
石炭	2
お昼	1
国語	1
宮中	1
反間	1
千世子	24
家人	6
秩序	1
憐れ	6
成人	4
居	4
冬	2
珍重	2
DA	1
等	118
電光	7
親友	4
道化	1
三男	1
寝具	3
ヒラメキ	1
すね	1
招	1
佇立	2
心理	288
ぞうり	2
絶滅	2
重態	1
義妹	3
里	10
てんぺん	1
花園	1
みろく	10
擁護	1
ょうきょ	2
蜜蜂	3
繰り返し	1
起	7
号	50
歯齦	1
弁	4
相続	2
臘	1
よう	1160
其奴	4
ハダカ	1
らいらく	1
此	35
半鐘	1
咳嗽	4
具体	8
わき	2
ソノ	11
不運	1
オヒャラ	1
仕合	1
取返し	2
まれ	9
姓名	2
聊	2
奸臣	1
ギラギラピカピカ	1
海外	5
ザマア	1
発明	9
無我夢中	4
抜	5
御無沙汰	2
がち	2
究	1
消え消え	1
一種	65
お願い	9
端々	2
不憫	2
悲痛	4
西	10
ガッチリ	1
上下	11
湯	10
狂乱	4
方言	6
夕空	1
早道	1
JIS	1
名札	1
ヘエ	18
イ	15
オーヤオーヤ	1
修繕	3
霊肉	1
ガランドウ	1
潮合	1
はえ	3
聖	3
中毒	4
本位	3
ドレ	1
尼	1
機先	1
ゅうれん	1
真白	5
晩	23
骨	23
清らか	10
拡	1
丸出し	2
白絣	1
精妙	1
ムゴイ	1
毎日	26
秘密	51
遺伝	179
幾	7
立志伝	1
近江	4
いっか	1
絞殺	19
誂	3
前足	1
シャン	2
手元	1
噎	3
背丈	4
ヌタクラ	1
複式	1
有力	6
好	2
小細工	1
ざめさせられた	1
軽傷	1
水車	1
了簡	3
昏	1
行為	11
決定	9
探究	1
一流	16
ここいら	11
立往生	2
息	38
仕立	2
戸	9
派手	3
河	1
私	1131
くつ	6
栄華	1
モガ	1
飛	4
局長	1
枕許	1
歩	32
共同	9
ザブザブ	1
実家	1
なめ	1
自尊心	1
モノ	10
交代	1
求	7
罪責	1
壁面	1
野臥	1
千仞	1
種明かし	1
えび	1
今日	93
非常時	2
空論	2
大空	2
六道	2
確実	6
松園	3
いいなずけ	10
医員	11
実例	20
手当て	4
電信	1
美化	1
ホンニ	3
肝	3
摘要	2
後日	1
エー	1
苦肉	1
心臓	18
ミジン	7
万有	13
せこ	1
落第	1
具合	13
平静	3
本家	1
せんこう	3
不敵	3
厚化粧	2
字形	2
嘔	3
余人	1
お出で	4
チャカラカ	4
ク	1
匍	1
よみ	6
一目	1
タチ	2
主	9
汚名	1
利	1
嘲弄	2
華族	1
斃	1
ウフフフフフフ	3
クドイ	1
書庫	1
ホ	1
わいろ	1
噴火	2
径路	2
参詣	1
脅	7
永眠	1
荘重	8
文中	2
沈黙	6
些細	1
自失	3
www	1
雲	18
科目	1
深窓	1
九州大学	4
？……？……？……？？？？？？？……………………	1
五	114
付	25
書信	2
譫言	2
美妙	1
ぬい	1
ヘイヘイ	8
漾	1
一つ	261
外	144
おいで	25
学術	66
蕾	1
腹壁	2
妹	25
思想	9
趣	4
各国	2
いろいろ	1
一気	1
むし	6
僭越	2
掟	2
豪傑	1
当来	1
劣	1
卓抜	2
動脈	1
下り	1
擲	1
曰く	2
高価	2
みい	1
物静か	1
見覚え	2
締め	2
繃帯	8
緋色	2
とせ	1
ズボン	4
獣	10
石像	3
赦	1
張	25
烈火	2
わな	7
滅	1
奥	31
シャ	2
我慢	16
泳ぎ	2
纏繞	1
サハラ	1
丹念	1
鶉	1
外道	8
ゃがみ	2
棲息	2
ニコレヲ	1
縁辺	2
事もなげ	1
瞬間	35
風俗	2
儲	1
ムルヲ	1
精神	287
方面	27
善美	1
抽出	3
麦秋	1
江湖	1
御用	4
謀反	2
ソッ	20
唐突	1
無私	1
茶屋小屋	1
たいじ	1
空前	16
ヒント	1
じょうご	1
大群	3
身代り	1
分	46
やす	3
気絶	11
小男	10
ワッ	4
直	3
割	3
半額	1
呉服	1
ワザ	1
否定	17
生産	1
耽溺	2
行脚	1
誤算	1
待合	1
ブラ	8
挨拶	4
無残	8
妾腹	1
法要	1
一足	1
薪	2
台紙	1
シックリ	4
疑い	19
博愛	2
内閣	1
かわき	2
逃げ	1
道具	13
つみ	1
サテモ	6
キョロリキョロリ	3
療法	4
見殺し	1
温泉	1
灰色	7
独身	4
李	5
ちよ	1
奉戴	1
スバラシサ	1
コプロラグニー	1
薫	2
こと	139
躊躇	7
分科	3
寺	28
ズトモ	1
ネクロヒリ	1
当主	2
奉公	1
年頃	2
シャイロック・ホルムス	1
コツンコツンコツンコツン	1
ノンセンス	18
投稿	1
昨夜	8
睡眠薬	1
保護	3
要求	5
柳生	1
美女	9
滂沱	1
ぼうとく	1
グッタリ	8
予言	6
らい	7
筆先	1
骨身	1
屈折	1
波動	5
恩給	1
麻糸	1
水平	1
受売り	1
突貫	1
音	87
準備	19
塾	11
俯向	2
やとい	2
古色	1
布地	1
おしまい	25
専制	2
同等	3
出入り	3
臥	2
襤褸	1
20	1
筈	74
ヒヤリ	3
大川	1
つど	1
言いよう	1
暗流	1
就中	1
下界	1
タマラナイ	6
幽霊	26
源	3
嫌	11
伸縮	3
ユラメキ	1
蕉風	1
ぞう	2
ヘヘヘイ	1
紋付	2
天道	1
大嫌い	1
御身	2
マンマ	5
七色	1
エヘンエヘン	1
陀	1
山田	1
膝頭	6
襟	4
飯喰	1
くちばし	1
ゃや	2
地方裁判所	2
洞察	1
拈	1
予想	8
詰襟	3
制帽	2
変装	1
爆弾	1
しるし	1
ゾウタンノゴト	1
保管	4
絵	46
狂態	4
燈明	1
睡眠	16
恐縮	2
ヤキモキ	2
大風	1
海底	1
ゃる	2
平ら	1
蜘蛛	4
愚痴	3
腹案	3
発声	10
オドロオドロ	1
ざき	2
一散	1
自己	54
マサキ	1
超絶	1
コジツケ	1
飛火	1
数字	8
泡	2
願書	1
美談	1
うさ	1
オラ	1
除外	2
人魂	1
左下	1
六番	1
守り神	1
住所	2
澪	1
大袈裟	5
珍	13
しめ	1
倒	1
衆人	1
害毒	2
押し	1
刃物	3
／″＼」	1
不意	15
化石	5
長時間	1
舟	4
随一	1
聴	1
鼾声	3
一所懸命	23
在任	1
葉書	3
水陸	1
直感	1
袒	1
容共	1
黴	3
感心	11
焚	5
ソ	13
個々	2
朝寝	1
乗船	1
ヤッコラサ	1
応用	36
望み	5
記事	21
時空	3
背負	2
捕吏	1
いたずら	5
静寂	10
舎	1
香	7
おば	1
狩	1
隆々	2
ゴクリゴクリ	1
絶対	52
石垣	3
聾唖	2
ドチラ	4
隈々	1
陳	1
あれ	27
づえ	1
ポコポコチャカチャカ	1
妨げ	1
呉	488
値打ち	1
意趣	1
視聴	1
尠	6
役割	2
褐色	4
枕	4
怪	57
極楽浄土	1
みたい	11
願望	3
ょうぼく	1
ムニャムニャムニャムニャムニャムニャムニャ	1
殊勝	1
チャント	15
幻覚	29
信用	8
鄭重	1
昂進	3
造作	2
胡粉	1
脇野	1
放れ業	1
病名	1
煽情	1
雑誌	7
卵白	1
阿片	1
オジサン	2
ムニャムニャ	1
前額	5
-------------------------	2
一事	8
秘	2
床柱	1
いかん	3
先方	1
掃除	7
多量	2
大昔	13
桁	1
推断	4
偉材	1
牛頭	2
費用	2
生得	1
小学生	1
たいこ	1
妓女	2
坊さん	4
キレイサッパリ	1
色々	37
グウグウ	2
全智	2
拝	1
冒険	3
一段落	1
下手人	2
急	40
巻	13
黄色	2
空気	8
学問	13
闊歩	1
制度	1
正体	48
あかり	4
羅紗	6
精細	3
姙娠	2
マ	2
人事不省	2
歩武	1
ブウウウ	1
アカラサマ	1
易々	1
兵	1
世俗	1
びたような	1
夕映	1
免疫	1
勝手	20
習	1
そっち	2
一礼	6
はだし	4
採取	1
同然	4
如し	5
もんじゅ	1
華奢	2
専用	2
釣	1
番	5
むね	3
名誉	24
みじん	9
機密	1
仏壇	4
奇態	1
為	7
とうた	2
若君	1
ょうこんひきゅう	1
問題	40
ギリシヤ	1
バッタリ	1
と腹	1
要心	1
大抵	7
西新	1
握手	3
文案	1
得手	1
夫人	25
占い	1
嵩	3
署	5
曖昧	1
アリバイ	4
久作	2
さら	7
がり	1
ロク	4
数	79
おん	11
そこら	12
党員	1
仲	9
生え際	4
帽	1
せんぷ	2
継子	2
色気	1
鴉	3
残酷	6
震駭	3
註記	1
証左	3
現世	1
ほお	1
根本	16
白木綿	7
ゆすり	1
世界一	1
ゅうどしま	1
門口	1
合点	6
おかし	3
愚昧	2
仕出し	1
情交	1
横合い	1
道草	1
処々	6
職人	4
役行者	1
恰度	3
側	23
加減	8
無常	4
うちわ	2
自室	3
強心剤	1
嘆息	2
殆ど	13
くちなし	1
むるところの	1
暗記	6
片手間	2
化合	2
おんな	4
飜	6
頓着	3
愚か	4
諸国	2
母体	1
純正	2
浄土	2
けんのん	1
胸	44
雀	1
まさ	3
頸筋	1
打	10
原生	1
ンブ	4
独	5
むばかりに	1
うかつ	3
次兄	1
名画	4
方角	4
枯れ葉	3
我勝ち	1
海綿	1
おの	11
体験	7
稀有	6
反応	3
ハバナ	3
適例	4
ピシャンコ	1
陣痛	1
瞳孔	1
お尋ね	11
フレー	1
列挙	4
適切	3
全景	2
みぞおち	1
炉	1
ひとつ	1
わに	2
債権	1
モノスゴサ	2
賢明	2
清河	1
イテ	1
びつ	1
予定	3
大丈夫	5
通路	1
下痢	1
反射	67
道筋	1
蛇	8
性慾	40
切口上	1
調べ	7
応急	5
順調	2
半面	3
疼痛	1
致命傷	1
ぜん	19
現代	53
坪	11
ゼントルマン	1
酷烈	1
門扉	1
くん	1
苦心	23
建白	3
サナカ	3
敬遠	1
逢着	1
鼠	2
哉	5
無軌道	2
実行	8
来歴	2
ソンジョ	2
平地	6
嫁御	1
》——	1
マッチ	5
前者	3
掻分	1
廃屋	1
ズウ	1
天鵞絨	1
快適	6
試み	1
崩	4
嚥下	3
領分	1
キーリン	1
叫び	7
チャイ	1
ンジテ	1
控	1
じじい	2
思い出	10
あき	5
財産	6
列	6
気楽	6
しょうは	1
玩具	1
坊ちゃん	1
不思議	107
御返事	6
習慣	24
勿体	7
逸話	1
弁護	3
本元	1
発狂	40
氷	8
趾	2
ギョロギョロ	4
怪異	2
葉虫	1
面会	6
母性	5
富家	1
頭骨	1
チラ	1
ぐる	8
モシャモシャ	1
巴	1
祖父	8
化粧	17
クラリクラリ	2
轆轤首	3
緊張	28
ネトボケ	1
みつ	4
老翁	1
盤	1
鶴	1
何かしら	42
閉鎖	5
込み	5
抱負	1
ひろ	1
オリ	2
灯火	2
荒くれ	2
いきさつ	1
直接	32
先々	1
林檎	1
当て推量	1
水道	2
死傷	1
暴風	1
お金	22
種明し	2
理智的	2
大陸	2
口々	1
彼処	2
毎年	1
しょうあい	1
悩乱	1
オーナラバ	1
すけべい	1
夜	28
快感	4
51	1
死力	1
真綿	1
記念	12
畠	18
外聞	2
根柢	2
さかな	1
カリ	3
特殊	2
空似	1
付き	33
個	56
反逆	6
鳩尾	1
泥亀	1
一時	25
インターネット	1
とり	7
クタバル	1
菜種	1
地震	5
ムジン	1
痛烈	8
栄耀	1
反駁	1
窮	1
致命	1
肥	1
偏	5
群集	5
見付	1
ニカケル	1
ウワア	3
かなた	1
ょじっそう	1
気疲れ	1
反	4
形容詞	2
邯鄲	1
軽微	2
遣り口	2
鶏頭	3
寄り	2
巻き	2
火勢	1
モデル	9
東西	4
不合理	8
若干	1
俗謡	2
不愉快	7
妻君	3
相思	1
背後	42
仕様	16
キレ	1
掲載	3
ラブシーン	1
正覚	2
縫紋	1
蒸籠	2
チャンス	1
撫	1
顔面	7
神	31
屍体	141
天然	10
シキ	1
顛覆	2
黒装束	4
不良	4
ムラムラッ	1
微小	1
奪掠	1
推察	6
鋭敏	3
鋤	1
かい	15
棲家	1
土煙	1
鍋	1
慕	1
不磨	1
濁点	1
極端	10
応	7
教員	1
唯	13
両脚	4
息抜き	1
奇抜	15
鉢合せ	1
離陸	1
論法	1
絞首	10
おつもり	1
どこ	167
痴呆	9
凄惨	3
しょ	4
輪	11
アンチキショウ	2
腹膜	1
普遍	2
番地	8
僭称	1
いっすい	1
遠近	1
美術	1
玻璃	1
むじょうしょうとうしょうがく	1
孕	1
むるが	1
蔵	3
ガラス	21
＃「	86
挙句	1
釆	2
絶大	1
異性	19
見	1
一挙手一投足	1
滞在	1
同所	5
清光	1
篦	1
ぎじゅう	1
庭	2
乾物	1
重々	4
とうしろ	3
種族	2
変位	1
足もと	1
魔	22
心血	4
活動	10
大胆	7
全面	2
隱	1
ッチョ	1
恭	5
唐草	1
後悔	2
ガ	12
名優	1
芝居	6
逆用	1
過渡	1
裸体	7
曳	3
事業	24
小手	2
鑵	1
アレエ	1
快速	1
温柔	8
整形	1
陰陽	1
形状	5
修	3
足	43
重要	13
推測	27
あてずっぽう	1
雪	11
暫時	1
裁縫	1
説明	157
咳	19
屁	6
けつ	1
徳兵衛	1
飜落	1
金襴	1
上人	3
むや	3
線	6
識	7
ザワ	1
蛋白	8
別物	2
大本	1
後廻し	1
養鶏	2
ふだん	3
厳	2
ほとり	3
悪魔	15
手腕	5
燦然	1
腕試し	2
きらい	3
戯弄	1
向い	1
お祝い	1
匿	1
お話し	6
ドル	1
退却	1
ヘヘ	1
製	5
風評	2
手土産	1
緊縛	2
善所	1
慎	2
祭文	14
ダイヤモンド	2
小石	1
胸骨	1
喪神	1
ゲル	1
取り入れ	1
迫	3
襟巻	1
平然	1
刹那	19
筆者	6
ヤツ	2
犯跡	2
土間	2
一服	4
ワッハッハッハッ	2
綽約	1
都合	16
大人	3
庖丁	1
虐殺	13
へや	28
陸	2
抜書	1
6	1
掏摸	3
　　　　　　　——	1
覚	2
液	1
言葉	85
かす	8
まつげ	4
ニタニタ	2
攻撃	4
惨死	3
今頃	2
鋩	1
人見知り	1
蛙	1
痙攣	6
はず	18
順	2
かき	3
春季	1
路	1
座像	3
脈動	1
椅子	72
同伴	3
絹	6
そり	3
直線	1
キビ	2
奇想天外	3
日の目	1
生徒	12
機微	1
筆致	2
一瀉千里	1
てつ	1
宿命	4
方形	1
朱唇	1
電車	14
アハ	9
筋道	9
晦	14
資料	4
当世	2
シテ	6
精緻	3
富士山	1
公儀	2
ぎろう	1
立場	30
ズッポー	2
何程	1
コツンコツン	3
仄青	3
記	22
えり	4
人妻	1
作り話	1
ひだり	1
ふけ	1
豪	6
従事	1
千秋楽	1
深遠	6
段	12
ルトキハ	1
盛装	1
酒肴	1
鮮肉	1
例	37
ハハハハ	5
ロース	1
煤	2
本職	1
催眠	4
宮	6
自分勝手	2
こんぼう	1
国立	1
嗣	3
妻	10
アラレ	2
停止	5
洗濯	2
苦労	7
戯	1
キョロキョロチョロチョロ	1
ざわめき	1
とこ	9
襯衣	3
感歎	1
一般	23
策略	3
剌比	1
魅力	11
萎縮	1
読心術	1
アッハッハッハッ	2
披瀝	1
蹂	1
別段	1
グルリグルリ	3
基督	3
状況	9
ざんにょげつじえんぎ	1
如何	61
ハイカラ	5
ゃ	7
咀	9
首都	1
身寄り	2
働	11
鏡面	1
煩悩	1
自縄自縛	2
故郷	10
主役	3
シ	19
逃出	2
調子	18
しずか	2
末世	1
ゾワゾワ	1
登場	1
ミ	2
東側	7
物語	8
佇	2
根元	2
通告	1
ニャ	4
白日	1
胎動	4
ダダッ	1
スルト	1
活弁	2
手前味噌	1
ズット	24
さかずき	2
小梅	1
梯子段	1
形見	1
爪	8
今期	1
反感	2
へきれき	1
遺髪	2
うなぎ	1
難破	1
毀	1
松岡	1
分裂	17
致方	1
病毒	1
恐怖	30
評判	14
失敬	11
昨晩	2
一体	10
肘掛	4
高級	8
みそ	2
血みどろ	1
パアッ	1
予後	1
諛	1
ドウモ	7
溜め息	4
紋	3
礼拝	3
ただ中	1
かいてい	1
吾子	1
作り付け	1
区別	13
ひょう	3
かんな	1
挺	5
書込み	4
嘔気	3
きょうく	1
圧倒	1
神聖	8
温厚	1
むるところなし	1
些	13
入り	3
卓子	42
換言	10
殊	4
今後	1
棒	16
いまわ	1
兼行	1
匙	1
母屋	7
びざ	1
金庫	1
裏返し	1
押込	3
失神	3
葬	3
若旦那	60
講	1
彩	2
冷評	1
アッハッハッハッハッ	7
同胞	3
素振り	6
却	13
城	5
イソギンチャク	1
因襲	1
絵巻物	197
ぐ	7
あたご	1
無理押し	1
端倪	1
人皇	1
恋風	2
や	19
心地	4
前途	4
ドンタク	1
オホン	1
伝馬	1
るじゅつ	1
飼い殺し	1
ス	2
現象	41
卑怯	10
ドンガラガン	1
長靴	1
クワッ	1
風前	1
酒色	1
済み	3
相互	5
ヴァンパイヤ	1
宝刀	1
白粉	6
持参	1
懸崖	1
紺飛白	1
星辰	1
吸	5
撮影	11
ヒュードロドロドロ	1
織物	1
イイエ	3
脳天	1
山中	1
きんしゅ	1
断行	1
亡者	7
手柄顔	2
先史	1
彡	1
鵞堂	2
加	1
理路	1
ハハア	4
病状	1
手ぬかり	1
主要	1
くも	1
ちょうだい	1
塵埃	3
すす	3
子宮	3
多少	1
復讐	2
許可	3
駭目	1
渇仰	1
可哀想	2
大道	7
ラテン	6
懇意	3
永久	11
浮上	2
遺品	2
女史	3
早々	1
ゲレン	1
あくび	8
お目見得	2
堆積	2
壊乱	2
ろうじょう	1
スポンジ	6
相当	15
病者	2
遵奉	1
タカリ	1
ソバカス	1
ゅほう	1
帝都	1
人身	1
お引き受け	1
効果	6
援助	3
久し振り	3
膿	1
虻	1
だま	8
グルグルグル	1
ムカムカ	2
かっぱ	2
点々	1
簡勁	1
邪	1
不義	1
収入	1
突立	7
どっち	4
膝下	1
片	21
含有	1
預り	4
トタン	2
疎漏	1
電球	6
むしろ	1
ヒョロヒョロ	3
毛	30
係	6
妙	22
ぴ	3
蛆虫	1
でき	1
夜光	1
革	2
演	2
チョッキ	3
あげく	15
哀れ	1
甲	2
憤慨	1
福岡大学	2
一本槍	1
エホバ	1
管理	2
不行届き	1
兼業	1
開幕	1
無駄	5
切符	1
れい	3
映写機	1
終極	3
エプロン	1
すき	14
タタカレ	1
ドンデン	1
チェッ	1
手口	1
醤油	2
こめ	2
頭角	1
丁	3
疑念	1
題目	1
77	1
毒殺	1
照合	5
むなきに	1
悶絶	3
タンク	1
スフィンクス	1
骸骨	6
岬	1
ひたぶる	2
欄間	3
ゲップ	1
曇り空	1
そで	3
後事	2
成仏	1
失敗	9
音調	2
稀	5
ザンバラ	2
祖父母	1
高速度	1
千	88
当時	46
甸	1
多様	2
真似事	2
家具	1
気力	1
今度	57
晒	7
青二才	3
四月	9
グラム	3
カサカサ	1
一ぷく	1
嘗	7
金縁	1
女学生	5
消失	1
ツヅクリ	1
舟木	2
虚	2
有徳	1
負傷	1
サラダ	2
ウヌ	1
行動	23
垂直	1
小鳥	3
顕著	3
御仁	5
柱	5
頭部	4
スゴ	1
廊下	19
ハイ	19
符	4
怪訝	3
苗字	6
凄絶	1
いつの	1
千載	1
実地	9
ぼく	5
人智	2
動	2
デコデコ	1
夢心地	3
天日	3
悪人	3
方程式	1
惜	4
断	4
生きうつし	1
ハタ	1
チョコナン	4
続き	7
嶄新	4
速記	1
一	1018
強	4
箇年	2
出会	1
テリヤ	1
面	76
こっとう	1
とんぼ	3
小刀	2
流血	2
診断	6
銀幕	3
繽紛	1
空地	1
山	40
アッサリ	5
達者	2
去年	4
区点	2
せい	43
冷静	15
名医	1
加入	3
波	3
慄	9
濃緑	1
はま	16
熊耳	1
テル	1
かんぷ	1
血統	31
連中	47
人力車	1
両棲類	1
画	8
こま	1
往生	3
ごま	11
面々	4
脊椎	3
出頭	1
アアッ	1
タドタド	1
みよ	3
奈翁	1
虎	3
戸籍	6
ろうばい	5
頸	4
判事	3
憑拠	2
片隅	7
アゴ	1
シンメルブッシュ	2
自省	2
むであろうと	1
デレリック	1
ちがい	8
蛍	1
周密	3
領	2
野見山	2
別	23
大臣	1
＃「——	1
信心	1
叺	1
北	6
商売	9
御飯	4
稽古	2
千両	1
西日	1
牡丹	3
好都合	1
仏事	1
スウー	1
頬	29
政敵	1
洋	3
名残	1
満悦	2
626	1
ノーベル	1
神水	1
巨獣	1
向上心	1
試斬	1
余波	2
見事	3
慶安	1
ガラガラガラガラ	1
見出し	1
左様	14
迷い	4
元首	1
フラ	8
智力	1
年長	1
本分	1
材料	50
如実	3
ヒゲ	1
情人	1
すべて	26
パーセント	4
造花	1
行き詰まり	2
強請	3
中庭	1
係官	1
げ	70
せき	11
純然	5
御門	2
たね	8
機	9
郡	5
音楽	1
絶海	1
措	3
ショボショボ	2
伝授	1
しょう	9
行き方	2
群	6
彷迷	1
赤ん坊	5
デー	1
指図	2
霊魂	5
確定	1
影	12
低温	1
裁判	5
さし	5
春	8
溺れ死	1
畝	5
雑多	2
パラボラ	1
人馬	3
腹	25
叶	3
私利	1
両天秤	1
スレスレ	2
蓋	16
ソラ	1
ぱみじん	1
車	3
経歴	9
さば	4
深呼吸	3
チャカポコ	32
生死	8
雄大	2
四足	2
精舎	1
版	4
がく	1
忘	4
祖	4
ヘポメニアス	11
均	1
征服	1
人生	1
惚気	1
視線	18
ずる	3
とら	14
チャカポコチャカポコチャカポコチャカポコチャカポコ	3
口添え	1
不得要領	1
密教	1
冗説	1
倉	5
木材	1
蹌踉	7
受け	3
従妹	9
きゅう	2
淫蕩	2
座敷	12
ダンダン	3
肘鉄砲	2
やり方	2
さび	2
廻り	3
突端	1
柔弱	1
歳	22
礼	3
胆	7
コッパ・ミジン	1
御子	1
やけ	1
たら	5
振付け	1
奥方	1
翠	2
披見	5
逍遥	2
酔い	1
耳元	4
塵	4
示	2
音沙汰	2
迎	3
ポタポタ	2
刑務所	3
観測	1
えみ	2
みやま	1
迷夢	1
┌	1
粒々	1
尊崇	1
聴取	16
亡骸	5
視覚	1
腐れ	1
足音	5
部分	26
金本位	1
誓	1
軟骨	1
カナメ	3
罪障	1
聞	3
経過	32
海嘯	2
慰労	1
継続	2
密閉	1
褪	4
シタル	1
珊瑚	4
突破	2
むげん	3
旨	10
斎藤	69
おかげ	8
ないしょ	1
羞恥	1
ふぐ	2
アブナイッ	1
変死	10
負	3
おふくろ	1
睹	1
回復	78
相応	4
トシテ	2
拈出	1
異端	1
陰刻	1
裏打ち	1
大層	2
しらが	3
構想	3
高等	24
ブス	2
押遣	1
弓なり	1
非常	53
血液	12
ひと	19
オズオズ	5
責め	6
ささや	1
死人	23
面前	2
衝天	1
浮岳	1
旭	1
革命	3
鼬	2
裂	2
すんで	1
しゃく	8
ブラシ	2
きぬ	2
りく	3
初め	75
遺憾	18
のち	63
辛辣	6
無作法	2
ワッハッハッハッハ	1
芸妓	2
どちら	10
事象	4
飯櫃	1
烈風	1
向う	34
特別	12
零下	2
スポーツ	1
ユックリ	3
徴候	3
かまぼこ	1
公判	1
題材	1
等分	1
ドウカ	1
正史	1
造詣	1
嗄	4
予期	6
極み	3
無敵	2
欠乏	1
地団駄	2
あっち	2
沁	3
交換	12
無調法	1
襲	3
住職	4
隣室	3
公表	19
むやみ	4
耶蘇	1
台帳	6
不機嫌	1
裁決	1
辻褄	7
息子	2
新任	1
満身	1
存じ	1
がくし	1
ゴトンゴトン	1
ひな	5
廃語	1
果	9
摂取	1
臭	2
精神病	205
もみじ	1
宙	1
乱心	5
二月	5
編	3
味	23
貰い	1
毎	14
草の根	1
トナレバ	1
四季	1
ょうぞめしっかいや	1
皮革	1
油断	6
熱度	4
帝	3
ガチガチ	1
声援	1
日光	2
多端	1
脱出	2
漫々	1
立ち聞き	1
田	1
究竟	1
寝小便	1
最深	1
づま	1
故事来歴	1
呼吸	29
くじら	1
特徴	30
仮死	11
司	2
頬杖	3
場合	58
立ち	7
暗夜	2
大倭	1
軽少	1
雇員	1
油絵具	1
露西亜	1
メス	9
外界	2
母方	2
国境	1
別れ	5
ダイヤ	3
可哀相	4
ぺきもくせい	1
鳶	2
洪水	4
眷族	3
壮漢	1
日和	3
優越	1
コクリコクリ	1
プッ	1
引渡し	1
席上	1
業物	1
尺	34
正確	9
興味	14
顋	1
コレンバカリ	2
まくら	1
黒衣	5
脅迫	5
城下	3
筒袖	1
下水	2
頸動	1
アンナ	2
あしらい	1
祥月	1
外字	1
僧	3
懺悔	3
精力	8
余韻	4
話題	2
どきょう	1
ホン	33
浴槽	3
医	12
ちまた	3
矢先	1
突き	4
門司	2
大木	1
かつごう	1
粉	3
帰趨	2
錐	1
姪浜	5
佗	1
そくい	1
畑	4
掲	2
堕	2
手中	4
轟	1
唐紙	3
グロテスク	3
私立	2
うろ	1
西方	1
モウ	49
司法	6
アラビア	1
汚染	3
功績	1
献上	3
おうと	3
狂	63
停車	2
報告	11
ゆかた	1
イット	1
神出鬼没	1
アホラシサ	1
南京錠	2
迷妄	1
感動	3
嫌忌	4
クワット	1
清浄	6
興亡	1
ホウ	2
金	18
五十歩百歩	3
俗諺	1
行路病者	2
ウワッ	1
熱烈	3
りんり	1
伝来	1
夢枕	1
ナリ	2
用紙	1
唯々	1
布目	1
突拍子	2
一直線	7
油絵	3
晦日	1
勢	4
スー	2
暫	2
今更	10
通し	3
イーブ	2
産児	1
毎月	2
氏	57
五指	1
一瞬	2
92	1
並大抵	1
痛快	17
コイツ	11
新人	2
挑戦	3
ポーッ	3
ミリ	1
ケイシ	1
狂気	5
ハハハハハハ	10
莚	1
女	103
淋	1
寝床	11
落ち込み	1
ルビー	1
気苦労	1
累月	1
喪失	5
端的	3
切抜	5
老衰	1
特	4
捺	2
闃寂	2
談笑	1
いく	3
膜	1
忠義立て	1
手提	2
菊	2
水準	14
無辺際	3
其処	2
頃日	1
位置	13
まんなか	4
引歪	1
夢遊病	18
条	14
翳	1
ぎれ	3
両方	7
手がかり	4
場所	17
増殖	6
物覚え	1
見物	7
細工	2
お手本	1
麭	2
走馬燈	2
建築	3
立て	2
天気	4
しっぽ	3
翰林	2
がかり	4
席末	2
周章	2
私淑	1
裸	1
オジャン	1
づるやう	2
コトリ	1
同郷	2
戦争	7
慢心	1
私ゃ	1
ぎゃっこう	1
昭和	1
大事	8
［＃「	96
みす	2
問	2
ょうざいしょう	1
毛氈	1
母親	30
学力	4
出没	1
机上	4
主体	1
盧	1
チャムピオン	1
菅原	1
他言	1
損傷	1
ゲヘゲヘ	1
パラリ	1
満月	1
思い違い	2
ヒョッコリ	3
しんにゅう	1
物体	9
モシクハ	1
ジット	2
茶舗	1
掌	17
見当	13
教室	34
弄	6
淑女	9
下敷	3
艱難辛苦	1
智	5
容赦	2
りさ	1
大乱	2
縫	1
遍歴	1
活版	1
ゾ	1
避	1
暗雲	1
判断	36
——（	8
祝賀	1
やぼ	2
義	2
すいえん	1
すりガラス	1
一緒	78
五つ	1
読後感	1
親	18
なみ	6
たる	16
磐石	1
指折り	1
兵児帯	2
上陸	1
先	58
追加	1
留置	2
咎	3
施餓鬼	1
アナタッ	1
私生児	3
サアベル	1
萬	1
指先	4
綴込み	5
モスコー	1
紐	8
祭	1
礼儀	2
踏切	1
うま	8
六美	1
とおり	1
ウッカリ	19
オーバー	2
刺	1
塗り	3
白砂	3
曲	2
ニッ	2
夜叉	1
微笑	26
予防	3
はんぷ	1
しろうと	1
ざい	2
病院	56
セコンド	2
自殺	53
広場	1
揺曳	1
請	3
瘠	3
肌	12
万能	8
剥	12
不能	3
澄	1
ぎいろ	1
天神	1
石工	2
仮り	7
七転八倒	1
丸呑み	1
被害	29
芬姉	1
飛沫	1
俛首	1
泥棒	2
不言	1
即刻	2
ノン	1
一身	3
十万億土	2
階級	2
八方	3
大家	6
ヶ	3
按配	2
住民	1
夢	209
草原	2
イエ	1
光明	10
文明	7
民族	8
写実	1
農家	2
あやふや	1
富	1
つぼみ	1
小脳	1
スルモ	1
道幅	1
手の甲	1
落	19
実	12
棺	9
助け	1
末梢	2
マサーキー	2
潜	2
れいれい	1
赤痢	1
　［＃…］：	1
拭	2
発展	1
真言秘密	2
笄町	1
ニッタリ	1
乱打	1
独創	5
寸法	3
初対面	2
夫婦	13
└	1
孫	2
汽船	2
麻	2
［＃］：	1
切り	13
違い	88
取り立て	1
いしゃ	2
決行	3
人となり	1
惻	1
天命	2
自作	2
無頼	2
時の間	3
放棄	3
日取り	1
当家	1
烟	4
極彩色	2
まま	220
祖先	27
文献	7
南	2
余	24
塵芥	3
アハアハアハ	2
錦	2
相好	2
本山	1
自白	9
倫敦	1
ナアニ	6
扱帯	4
苦しみ	13
透明	6
言辞	1
市民	1
金線	1
七月	3
当地	2
ひとたび	1
微細	4
よけい	1
普	1
代目	1
キョロキョロ	10
長大	9
試験	17
イスメラ	1
包含	3
懇願	1
蟒蛇	1
ンボ	3
見晴	1
密接	2
かしょう	1
尊敬	2
心	85
主任	8
陳列	9
和歌	5
都	5
文責	1
固執	2
片側	1
記号	3
肱	10
モミアゲ	1
あめ	2
仏像	8
充血	2
イッタイ	3
図書	4
申訳	5
コスリコスリ	3
ヤッパリ	2
真下	1
考古学	2
念	24
輩	5
漫遊	1
箇所	6
ナアンダ	3
お母さん	5
アハアハアハアハアハ	2
手枷	2
じとく	2
ドウシタ	2
黙契	2
術	13
としい	2
いくつ	2
キチガイジミ	1
スカラカチャン	1
安達	1
安心	24
心霊	5
ノッソリ	1
禽獣	6
出し	2
非	3
ジ	2
夢幻	4
英	5
変態	51
誰か	4
裏庭	2
輝	14
論難	1
無理	27
再発	1
りょうけん	3
啣	6
杖	12
血脈	2
どくじゅ	1
ざ	14
桃色	3
ドウセ	2
蚤	2
狩猟	1
ょじゅく	1
導火	3
ハテナ	2
錦繍	1
溷濁	1
添人	2
狼狽	6
一変	2
能楽	1
ザワザワザワ	2
洲	4
両親	7
文物	1
スリッパ	4
くだ	6
賜物	2
あらわれ	15
鎮	6
速断	1
審判	1
遊中	1
省略	3
宇治	2
徹夜	2
一途	1
跣	4
帽子	11
日月	4
ひび	1
ウル	1
西洋	22
妖怪	8
ぐも	2
点数	1
留意	1
先生	286
閻魔	3
いじめ	1
むる	12
ジッ	17
鐘	3
釜	6
のんき	1
復活	4
セルモノアリヤ	1
染付け	1
１	51
のみ	2
分業	2
象	5
朝刊	1
未到	1
混線	1
動揺	1
テコ	7
世人	2
侮蔑	4
ちんりん	1
獲物	4
くだん	3
飛び入り	1
巫女	4
炯眼	1
——————	2
吾	103
白髯	1
小戸	1
雄渾	1
桑名	1
清楚	1
白眼	6
白紙	7
文書	2
迷信	35
終了	3
近	1
両足	2
カン	28
笑い声	4
りゅうてい	1
貴方	98
魂	29
薔薇色	2
しの	2
パラソル	1
深江	1
途端	2
お互い	19
亜	2
悪夢	15
カンジンカナメ	4
威光	2
怪人	14
昇り	2
ぶおとこ	1
実験	134
段階	37
がた	20
原人	2
彫り	1
賭博	3
引分	1
披露	1
戴	1
む	39
皮	23
肋骨	5
交番	1
出張	5
破壊	2
ボランティア	1
着物	16
品等	2
親身	1
蹂躙	2
丸太	1
宝玉	1
身体	59
同様	76
余地	7
標題	14
不平	3
視	5
他殺	2
今時分	1
断末魔	1
呪	5
平	3
失職	2
ノー	2
水掛論	1
縮図	1
廷丁	2
全身	102
薔薇	1
ボール紙	6
ぼん	4
骨相	12
憂悶	1
国老	1
眼路	1
乾き	1
脱	11
市	12
願	2
蚯蚓	2
鉢巻	13
菩提心	3
むような	2
食事	3
八百屋	1
褌	2
模型	3
オギャア	1
砂	29
正月	4
ひがし	1
ウーイ	1
おうよう	1
冷罵	1
早鐘	1
過言	3
理想	2
アッハッハッハッハッハッ	2
圧迫	2
川路	1
忘れ	5
曝露	20
肥大	1
円型	1
あらまし	1
487	1
空虚	9
諒解	1
和	2
浮き	2
初号	1
トテツ	2
居室	2
窺	5
ナイ	1
一場	1
イエイエ	2
大々的	2
バテレン	1
ウッフッフッフッフッ	1
小町	2
無体	1
悪党	4
羽根	1
ッテソノ	1
東天	1
明日	7
弑	1
みどり	2
ょうぎょく	1
ビクリビクリ	2
黙殺	1
脳出血	3
上膊	1
ょうみょうのこえ	1
姿見	1
いっしょ	1
消化	6
乾	1
いちご	1
欠け	1
婿入り	2
かばね	1
捕手	1
安堵	1
武者	1
催促	1
蝉	1
パンツ	1
塀	10
翹	1
離れ離れ	2
提供	8
可能	7
片手	17
惚	7
中程	1
ペテルスブルグ	1
釈迦	2
いい加減	2
高唱	2
無毒	1
落語	1
殺傷	6
持ち	1
そこ	129
がけ	14
刷り	1
日暮し	1
大略	3
ちよこ	1
紙	31
でたらめ	6
留任	1
思出	1
海中	4
解	14
足枷	3
ウヨウヨヒョロヒョロ	1
屏	1
菩提寺	1
点火	6
当てなし	1
尾	2
修正	1
女子大	1
縄	4
がら	7
深度	1
唯心	2
民謡	1
正門	1
型	30
思い	40
育	1
関係	76
探偵	54
謎々	1
セムガタメニハカナリノ	1
日生	1
ヒドク	3
逆縁	1
具	1
カラクリ	4
左官	5
円筒	3
戸前	4
欠	1
白刃	2
須臾	1
俺	42
参加	2
真夏	3
本能	10
まろ	3
燭光	3
境い目	1
気管	1
横着	1
しん	25
炭鉱	1
ねつぞう	1
躙	1
宛	16
県	11
くず	4
盛衰	1
被告	2
われ	25
種	45
発揮	16
完全	19
浴衣	2
世間	15
偉人	3
首席	3
賭	3
呶々	1
滲	5
無気味	4
画面	8
お婆さん	2
縛	1
注文	1
捏造	1
みなと	1
脳震盪	1
人	607
苦悶	8
光栄	4
三月	5
タマゲタ	4
冷却	1
室内	10
室見川	2
ンンンン	3
首肯	19
オレサマ	1
放ったらかし	1
落葉	1
変名	1
生	18
代償	2
急激	2
当て身	1
破れかぶれ	1
南下	1
全長	1
マッタダ	3
はさ	1
空説	1
地層	1
駭心	2
硝子障子	1
在	1
焦熱	2
呪文	1
アイヌ	3
俯	1
自体	1
潟	1
拝受	1
胚胎	2
鉛	1
探検	2
おしろい	2
いっき	1
ハダカッ	1
権	1
）※［＃	1
ハハン	3
スケッチ	2
充	2
裸足	1
噂	18
年月	6
子	138
無上	7
まゆ	1
未	1
評	1
覇	1
調査	70
元始	14
他愛	2
情死	2
日付	1
押し合い	2
乳房	2
魔神	3
彷徨	2
家族	7
驚愕	6
芥屋	1
熟字	1
シッカリ	32
限り	45
義理	7
兼	17
近所合壁	1
争闘	2
一郎	342
忘却	3
老人	26
驚異	9
きの	6
競争	13
男	65
祈念	1
遊び女	1
泊り	2
ゃったようでしたが	1
誦	1
蔭	17
束	2
見せしめ	1
チャチャラカ	9
灰	15
占領	1
不謹慎	1
魔性	1
事跡	6
剣幕	1
ドウ	26
とっぴ	4
儼乎	1
僧侶	3
汚物	3
万代	2
酔ひ	1
地	34
役所	2
セルトコロニ	1
スケール	1
琅	3
制止	1
外側	2
六月	2
検分	2
ぼう	16
阿呆	5
バリ	1
恍惚	4
貝	2
重宝	1
誘拐	2
すり	8
脈	5
飲込み	2
ワザルノミナラズ	1
抛物線	1
大理石	5
給	10
痺	4
征伐	3
ブリキ	1
たい	7
強国	2
感触	1
要職	1
紺色	2
完備	2
現出	4
大要	4
ぱぬ	1
オモヨ	22
穴	37
エ	11
用事	7
把手	1
えな	1
増	1
妙薬	1
歿	1
電熱	2
盲進	2
茶褐色	3
猟奇	3
癇癪	3
並	3
妄覚	1
真向	1
ウットリ	4
以下	8
嫁女	1
首級	1
苦患	1
出席	1
機智	1
チャン	17
世紀	4
袱紗	3
糠	1
機会	10
松村	3
挫	3
プップッ	1
青年	63
人形	14
ブンゼンラムプ	1
筆写	1
王者	1
マイナス	1
木綿	5
度	131
歴史	16
時価	1
尋ね人	1
こづかい	1
エキシビステン	1
滸伝	1
出鱈目	7
苗	2
投げ銭	1
念々	2
軍艦	1
大男	3
消極	4
此処	3
せっしょう	1
供給	1
うつろ	3
反映	12
むば	2
揚げ句	1
本性	1
暢気	1
フレ	1
火葬	6
易	1
高まり	1
書き初め	1
ぎそう	1
謝罪	2
さり気	1
有期	2
がてん	4
本領	1
汚水	1
方向	16
映写	9
離れ業	1
地紙	1
サジスムス	1
ドエライ	5
熟睡	15
.	3
冒涜	4
繁殖	5
毛並み	1
叫声	1
未来	9
走り	4
指	36
ブック	1
教養	1
波紋	2
お雛様	1
国々	2
自家	5
愛人	1
退治	1
詰め	2
辛苦	2
内証	2
こめかみ	1
沐浴	1
悲惨	5
芳志	1
書店	1
汽車	14
誘因	1
返答	1
万田	1
ダケ	2
影身	1
実相	2
大音	1
法	34
無学	2
週間	9
無比	3
芬女	3
竹帛	1
わたくし	1
くま	4
ゴッコ	4
跡目	2
ヘッポコ	1
事例	6
張本人	1
学士	10
一挙	5
参集	1
なごり	1
ぎ	26
豊田	1
抹消	1
田畠	1
シマッタ	1
オムレツ	1
検出	4
気持ち	52
眥	2
癖	20
考慮	5
油	6
鼻梁	1
三本木	1
天宝	6
碌	2
肉筆	1
提携	1
墓	10
根方	4
あん	8
慈善	1
ミソ	1
生き写し	5
羽二重	1
早世	1
漏洩	1
インスピレーション	1
遠国	1
腰骨	1
美人	24
引合い	3
裏手	7
放言	4
綺	2
雪白	1
引戻し	1
護謨	2
下略	1
有形	2
アラビアンナイト	1
びこ	1
はく	6
江戸	1
形態	3
ころ	2
盆	1
師範	1
料金	1
イーサー	1
マレイ	1
におい	6
死物	1
出現	9
胸部	2
掘り	2
ササ	1
小馬鹿	2
ゆくえ	14
交叉	4
しようが	2
霜降り	1
踏	1
明白	12
応挙	1
創立	2
とふく	1
結婚式	12
絶後	3
中途	1
ウルトコロノ	1
農具	1
なん	21
塩	1
中学生	1
異	2
幸	1
ビフテキ	1
折節	1
品評	1
仮面	1
ズドン	3
オブラート	1
物議	1
感慨無量	1
ドッ	1
お客様	1
名刹	2
口腔	1
地質	2
袴	5
伝え	3
ビール	1
爆発	9
セルモ	1
程	84
曲り	1
風来坊	1
祟	8
つゆ	2
親達	2
面目	6
俄	5
※［＃	7
能弁	1
父親	9
千切	2
史実	2
乱脈	2
水滴	1
仮初	1
昼食	1
四方	6
想像	50
医者	32
心的	1
けい	9
鬱血	1
ゲッヘンゲッヘン	1
指揮	1
厳粛	8
化学	8
殖	2
押上	1
賺	1
ナイヤガラ	1
変調	1
血	46
無茶	3
起し	1
仲直り	1
せん	7
爆音	1
ゴトー	1
ケンノンケンノン	1
結晶	1
箱崎	1
厚紙	2
停滞	1
秋日	1
義兄	12
突伏	8
不孝	1
ンン	3
働き	1
寄席	1
一個人	2
せつ	3
致死	2
清宮	3
質実	1
熱	3
空中	8
妥当	1
祭り	1
はし	3
倶有	1
十字	3
短	3
功徳	1
新聞	63
築	1
滋養	1
誠意	3
稿	1
病原	1
ふたつ	2
繁昌	2
泛	2
イヒヒヒヒヒ	1
端然	1
胴衣	1
チャカラカチャカポコ	1
神罰	1
メッキ	1
姿態	1
台	35
鴨	3
長安	2
媚	1
切れ	1
骨董	1
セピア	1
寺号	1
カス	2
真上	2
構え	3
秘蔵	1
伴	3
防虫	2
実物	7
作	20
副手	1
同名	2
小雨	3
手付き	3
マゾヒスムス	3
愛宕	1
名山	1
さい	7
爪先	2
全部	45
狐	7
婿	9
死霊	3
輪廻	4
文房具	2
しゃが	1
下駄	9
葢	1
なにわ	2
誇称	2
楽屋裏	1
ト	7
顕現	2
経典	1
陰気	3
突張	2
稍	5
光景	38
比較	18
脱線	12
スカラカチャカポコ	1
絹地	2
積極	4
常雇	2
きょうがい	2
微塵	8
ジイッ	1
づつ	1
左右	52
洗い	3
手先	3
景	4
顱頂	2
いんぎん	1
狐憑き	7
展	4
一端	5
幾ら	2
看板	3
象徴	6
残留	1
メモ	1
やまと	1
右肩	2
責苦	2
句	15
りや	3
小具足	1
久方振り	2
引当て	1
ブル	2
距離	1
蜻蛉	2
わらじ	3
二言	2
迚	8
大学	95
お仕着せ	2
窓	90
プラチナ	2
精	3
シラ	1
呼声	1
祈願	2
蹄鉄	1
概略	1
男一匹	1
ヤヨ	2
グット	1
出来事	43
不自由	4
シン	5
わら	8
糊塗	2
三界	2
ヨシッ	1
委	5
不倫	6
事務	8
ドイツ	4
不行届	1
ニ	34
大聖	1
喇叭	5
武士	2
根拠	4
国	26
年生	4
面倒	5
言語	2
寿命	5
臨月	1
全体	30
怒り	2
宴会	1
ワルル	1
柩	1
しゅぎょう	1
洋傘	1
枯れ枝	2
漂流	1
テキスト	1
論争	1
身の程	1
最中	3
街道	2
テレンパレン	1
日本	26
受け答え	1
ゼロ	2
ケンノン	2
疾	3
さ	303
口ぶり	4
若	2
しかた	2
ザルベキモ	1
テナ	1
平々凡々	2
牢屋	6
其刀	1
ウム	5
空前絶後	9
馬車	6
泣声	6
層	6
溢	1
裾模様	2
鼻筋	1
重き	1
訛	1
利用	11
偏執	1
斯界	1
石川	2
翼	2
冷気	1
存命	1
ソレ	30
行末	1
トド	2
トンチンカン	2
ヤアヤア	1
ダラリ	2
水面	1
物心	1
24	1
デッカイ	1
お菓子	3
浦山	1
ソン	1
失	1
青	110
外国	7
殺し	13
グワ	1
口つき	1
按見	1
火曜日	1
二	467
其後	1
喚	6
泣き声	2
推定	17
不満	4
正直	11
哲学	2
ザッ	2
志	2
奇特	3
セル	8
粉飾	4
一口	2
海老茶	1
仄暗	1
スベスベ	1
罪科	1
狂女	5
オモテ	1
密告	2
ポンチキポンチキポンチキチ	2
ナア	10
合掌	3
剃刀	2
ステーション	1
悲泣	1
手記	5
繕	4
名声	4
矮小	1
僭号	1
潮水	1
砲	1
化け物	1
けち	3
対話	1
幻影	2
悪感	1
頭髪	8
確信	17
場面	17
チャ	2
毛髪	8
クリクリクリクリクリクリ	1
名付け親	1
動悸	4
ムク	4
申し分	1
鮮やか	4
おこ	8
野心	1
きんきじゃくやく	1
有利	3
ほり	1
鯨波	1
瀬戸物	5
語源	2
ふか	5
なかば	2
へいげい	1
枕元	6
垂	10
3	14
惜しみ	1
覚悟	14
ホーッ	3
卒業生	3
贋	2
糞	3
筑豊	1
彷彿	2
ボン	13
接近	4
かけ	6
ポッタリ	1
鮮血	2
職権	1
雑作	12
熟知	1
肉体美	1
活躍	26
ばら	9
ふつ	1
ニス	1
演出	10
縁故	1
電池	1
著者	2
手伝い	1
目付	1
大の字	5
お方	27
註	4
弱虫	1
激烈	2
操	1
ドウヤラ	1
ガチャンガチャン	1
タイヤ	1
自分	374
つぶ	9
めった	2
願い	1
称号	1
ゴワゴワ	1
順々	8
希望	6
がき	2
上正	1
チョーク	1
戸倉	5
村長	1
几帳面	1
参考	51
欣喜雀躍	1
引例	2
お陀仏	1
仰臥	2
瓶	10
仕方	21
先入	2
不平等	1
時代遅れ	1
一味	1
ナアール	1
契	1
当り	1
柔道	3
感想	3
イジクリ	3
章魚	3
酷似	2
ょしょう	1
喋	1
資産	1
めいめい	5
自決	2
ステゴドン	1
カチリ	1
————	5
科	50
新	10
イヨイヨ	16
イキナリ	7
ヒステリー	2
叫喚	2
押しつけ	1
コルク	1
風采	4
操縦	1
客僧	1
ドウシテ	2
事	1250
満腹	3
膝	10
信	1
女子	1
理学	10
ばか	10
奇	2
労働	8
姦通	1
合わせ	2
回答	3
遂行	5
エライエライ	2
甲羅	1
テルテル	3
ニュー	1
シーツ	1
揚句	11
トップ	4
きとう	4
タマラ	5
前述	5
上塗	1
希	1
仏具	1
土地	1
小説	36
功労	2
よそ	1
注記	2
幻怪	1
弘法大師	1
ゆか	3
奥歯	4
トッケムナカア	1
貴	1
法医学	43
乍	1
スル	7
ぼうあつ	1
尖鋭	2
同化	1
礼節	1
午后	1
金光	1
悪霊	4
愛馬	1
ャムニャムニャムニャムニャムニャムニャムニャムニャ	1
ごみ	1
多人数	1
灰落し	6
文句	18
本箱	2
ちょうちょ	1
きつね	1
ニヤケ	1
モノスゴイ	17
温度	1
口元	1
傾注	5
酬	1
立上り	2
床下	1
衝動	13
後光	2
色情	6
念入り	14
産物	2
貧乏	3
平等	4
帰着	2
めい	15
原本	4
比べ	2
燈	21
海岸	8
これら	1
今生	2
親近	1
減退	2
部門	1
行儀	3
ドンドコ	2
否応	1
地位	4
野獣	2
執拗	4
深緑	1
同乗	1
浜崎	3
笈	2
ボヤケ	1
奇妙	39
コダワ	1
刻	7
深更	1
ミツ	1
方略	1
正規	2
火の車	1
ヨタ	8
チョウド	3
古代	4
髪の毛	5
一所	3
創造	5
［＃「（	4
こ	90
内容	115
ヤヤコシイ	3
呆然	3
冷然	4
書式	1
宿屋	2
末期	1
南極	1
巻物	43
ドア	19
後部	1
葉	12
対照	5
必死	4
エネルギー	1
めし	4
浄	8
長兄	1
網代	1
全霊	2
睫毛	8
うわべ	1
霊知	1
扉	65
中心	43
子供	15
諦	8
金切声	3
テーブル	40
技巧	1
神話	1
背骨	2
遣手	1
ゆう	1
疼	2
布告	1
ザワザワ	3
火刑	1
卑近	1
ひゃく	1
ウモ	2
塔	1
献	1
ブウ	1
│　　　│	1
ニシテ	2
傑作	1
四囲	2
巌	1
波線	1
扱い	9
チャカポコチャカポコ	46
似合	2
クルリクルリ	2
緩和	2
美少年	9
サアサア	3
勢い	2
まん丸	1
解答	1
コンナ	49
勉	1
黒穂	1
スター	1
占	6
毬栗	2
セズ	1
荒	1
縊死	5
旧跡	1
マジリマジリ	1
電光石火	1
幕	2
往復	3
無量	14
嘉賞	1
怨	11
左側	8
曹洞宗	1
儼然	3
急報	2
厄介	4
通例	4
外出	4
心棒	1
カチカチ	1
禿頭	8
スチャラカ	5
本丸	1
難	12
びとつかみ	1
無表情	2
連載	1
モンゴリア	1
良久	1
悟	1
ドグラ・マグラ	20
注意	26
辻	3
卒業	30
生長	2
草鞋	3
附録	5
陥穽	1
僕	153
呟	3
検察	1
フールスカップ	4
チック	1
哄笑	1
緑	5
忠志	4
笑い	25
泥酔	3
ナカナカ	1
支度	2
検案	4
姪の浜	28
志願	1
ギリギリ	3
Ｍ	1
生れ	7
過ぎ	3
復旧	5
未練	4
罵倒	3
業績	1
落在	1
共犯	3
書記	2
交感	60
噛	1
香典	1
要項	1
荘厳	1
一定	3
お稽古	1
痛	1
キロ	2
未開	3
腕力	3
てんぷく	1
凡百	2
淋漓	1
中学	8
正妻	1
むあみだぶつ	1
当直	1
悪気	1
アトカタ	3
不可思議	49
全快	3
チット	3
生憎	1
横腹	4
身長	2
へそ	1
たく	4
戒	1
金品	1
担任	2
器官	10
ピエロ	1
死者	3
前々	1
程度	44
錻力	1
漂浪	2
灰白色	2
摩	4
強大	1
臘月	1
瞼	4
小僧っ子	1
小瓶	1
フ	7
支棒	10
コッソリ	16
トーキー	1
中止	4
新報	1
ドキン	1
テン	7
誤解	7
要素	3
兇暴	1
明朗	2
きゅうり	3
讐仇	1
漁夫	1
暗紫色	2
寄宿舎	2
裏口	1
詩	3
原理	20
論	33
イク	1
ンド	1
置	1
次の間	1
やつ	7
悲観	1
新品	1
無形	1
瞬	8
ホコリ	7
金銀	7
授	1
犬	7
マアマア	2
相判	2
迷走	1
中指	1
しんらつ	3
カチカチ山	1
蠍	1
同時	2
霊屋	2
ウネウネ	1
身振り	4
盤石	1
ドウダ	6
空腹	1
美味	9
かかり	1
大分	3
算段	2
憤死	1
所有	4
金属	1
リボン	3
手続き	2
千鳥足	1
父	18
ハハハハハ	10
イヒヒヒヒヒヒヒ	1
一周	1
一代	1
口止め	2
お爺さん	3
喜劇	2
悄然	2
余生	1
専門	37
文盲	2
隔膜	1
づる	1
彼岸	1
チヤ	1
滅茶	1
振子	1
虐待	19
地球	20
通知	2
あて	2
分泌	1
大火	2
威勢	1
無茶苦茶	4
春先	1
山林	1
ミュンヘン	1
仕置	1
思惑	1
アク	1
跪座	1
慣例	1
現在	81
電	18
エタイ	2
金側	1
骨肉	2
律	1
ゃったお	1
ざま	1
寺院	3
鬼	20
一眼	4
涜	2
スベキヤ	1
土蔵	22
ェ	2
ナタ	1
ふくよか	2
途中	18
大正	35
見取り	1
惨憺	8
ぎぬ	1
紡績	1
ゃちば	1
一殺多生	1
どうこく	1
がん	5
騒動	6
繋ぎ	1
ふびん	2
勢力	2
能	26
部落	2
仏体	2
野袴	1
従	2
かぎり	1
腰帯	1
濁水	1
応接	1
寝間着	1
冷汗	3
驚倒	2
ひま	5
包	2
青眼	1
軈	2
オモチャ	2
ウント	1
箇	1
びさ	4
こうご	1
壮夫	1
唐獅子	2
大罪	3
太字	62
ざめて	1
通過	3
キネマ	1
わたし	2
懼	1
ぺい	1
うず	4
防	1
壁	52
精巧	2
弁論	1
アカ	3
誘致	1
外科	7
順序	40
もうろう	2
冷厳	1
ショッチュウ	1
世界	115
一撃	5
りゅう	8
石頭	1
朱欒	1
人心	1
塗料	1
勝手次第	2
直覚	3
ポケット	25
ジロリ	3
十一月	11
眼鏡	3
見付け	1
ダ	3
一貫	6
耳目	3
散々	3
有機物	1
門	6
腰縄	1
留学	5
ムズ	1
恣	1
外見	1
窮極	4
表紙	11
枠	2
丸帯	2
所存	1
屋根	9
エロチシズム	1
アンポンタン・ポカン	34
食肉	1
舌	16
浮世	2
かいよう	1
霜月	1
モジャモジャ	2
所業	19
れんが	2
メイメイ	2
片道	1
美登利	2
たつ	1
ホンマ	3
悪臭	3
血色	2
縫目	1
地名	1
権威	13
囚	13
飯	8
破裂	1
機鋒	1
左手	14
米	3
鳥飼	2
投影	3
ぱつ	1
決然	1
呼子	1
暖	2
グルリ	4
真情	1
貞操	3
モン	1
刺叉	1
バク	1
ッ	51
完成	17
同性愛	1
しづ	1
競	1
物	165
玄妙	1
言文	1
意見	8
幼稚	3
且又	1
祇園	1
内気	1
理論	7
玄関	10
干乾	2
モダン	1
迅速	5
調	2
海藻	2
絢爛	1
抜け目	1
ひざ	3
箇国	2
貫	4
上等	3
閑散	1
ウインド	1
阿部	1
一息	7
迷	2
90	1
不審	12
せみ	1
遊廓	1
ちょ	1
余計	7
お側	2
許	4
賤	2
履	2
アイタイ	1
遠まわし	1
欄	2
刷物	1
魂魄	1
土饅頭	1
ニジミ	4
ミリメートル	1
巧	4
スイートホーム	1
老嬢	1
机	31
畜	1
高遠	1
スルニ	1
ソロッ	3
肩ごし	1
イジラシイ	1
火攻め	1
虚空	6
ヘイ	22
ヒヤヒヤ	1
旅館	1
森	4
遠眼鏡	2
技術	4
インド	3
純	2
仏教	1
アハハハ	3
願人坊主	2
随筆	2
拉甸	5
金色	3
お座敷	1
ドコマデモ	1
61	2
微妙	9
マンモス	1
点	59
衣裳	2
屑	3
両人	1
花婿	3
恥知らず	3
煉瓦	26
特製	1
護衛	1
伝	9
未然	2
衣類	1
所在地	1
適当	12
勉強	10
オートバイ	2
伝家	1
洗面	3
妙齢	2
養子	2
取り巻き	1
密画	1
写	1
頼み	7
参列	1
媚薬	1
年甲斐	1
おうみ	2
知覚	2
コスリ	7
アハハハハ	6
話	122
スヤスヤ	2
南北	1
花柳	1
喧嘩	4
フウララフウララフゥ	3
体積	1
隙	7
子々孫々	1
処置	2
ゴクゴク	2
つまり	8
手品	10
ロック	1
妃	4
おとな	9
無言	6
度胆	1
地方	12
大写し	3
カルベキハ	1
脂肪	2
ギャフン	2
感服	1
霊感	2
許嫁	16
チョンチョン	1
無手	2
ハライソ	1
便利	4
ウロ	1
ばやし	1
絶勝	1
泰山	1
咳払い	9
最高	10
例示	1
背振	3
かんてい	1
ほう	8
パス	2
セメント	1
川柳	7
びゃく	1
ザレバナリ	1
荘	1
特定	1
点頭	3
だれ	3
太古	4
電力	1
返還	2
漂着	2
さなか	1
硝子	30
洋館	2
憂	1
人体	15
絶頂	6
いくじ	2
タザルベク	1
ふち	7
死因	2
ビッショリ	2
越し	8
払	7
起り	6
際涯	1
留	1
衰亡	1
齎	1
宮殿	1
かたち	4
戦慄	28
病気	43
角	9
幾分	1
汀	30
ほととぎす	1
重傷	2
魔法	1
地下	5
唐	10
議論	8
病理	11
ベイ	2
お太鼓	1
ウンザリ	2
ずし	2
様	148
ブーン	2
実権	1
草	5
撫で斬り	1
練	4
上と下	2
離	23
物の本	1
絵像	1
頓狂	2
お隣	1
有様	6
譲り	2
数学	1
驚	9
弊害	1
ア	91
炊	1
滞留	1
スタイナハ	1
つき	5
ふゆ	3
午	2
ぎん	1
使い分け	1
焔	3
暗合	3
断絶	2
絶命	2
散髪	1
ドウゾ	3
行き当り	1
名工	2
びろう	1
手向	2
世子	9
友達	2
渡会	1
タルサ	1
異様	25
選	14
振り	19
空想	12
断片	3
しょうふく	1
洒落	1
絶え絶え	6
あいだ	3
チットモ	15
凌	1
ヘゲタレ	1
名前	103
腰	39
移転	1
斗	1
ゆうこん	1
婦	22
貧弱	1
何もかも	5
跡	17
非凡	4
ヒョイッ	1
けんぺい	2
造化	3
ゅうき	2
平面	7
冠	11
戊	1
悪鬼	1
スバシコサ	1
貧	2
アヘン	1
錆	1
唆	3
探索	4
意志	8
徒刑	1
才能	3
思慮	2
携	1
休止	2
大発見	1
ょくほ	1
ギイギイ	1
ちょう	13
頸部	7
往訪	1
撒	3
マツ子	2
散乱	1
代用	1
班	1
はがき	1
学界	22
ゥ	1
モボ	1
サレツツアリシ	1
無視	2
爛	3
ぎながら	1
しじま	3
まさき	2
世	24
お伽	2
女人	6
ケタタマシク	1
懐	8
維新	2
午砲	5
あでやか	3
十中八九	2
みょう	4
思案	8
労作	3
ＳＴＥＧＯＣＥＰＨＡＬＩＡ	1
客	2
熱中	2
げた	4
養蚕	1
カスガイ	1
君主	1
絶好	4
之	2
不公平	1
さま	62
まみ	6
ポ	24
空	49
外套	10
健康	8
われわれ	1
上衣	3
制作	1
容貌	2
かかし	1
棍棒	1
山窩	1
仲介	4
圧殺	1
吊し	1
遠路	1
先年	2
サリ	1
クリ	5
歎	6
筆記	3
係り	5
母胎	9
無理矢理	4
かっこ	1
フラリ	1
慟哭	1
肉	16
スウット	1
覗	5
屋根裏	3
持病	3
斑点	1
仮想	5
トラック	1
受取	1
ゅりつ	1
喉頭	1
むほん	2
三重	2
清々	2
盲目	2
所帯	1
眼窩	1
ベターハーフ	1
ひも	6
文官	1
肉眼	2
コレ	4
櫓	2
中略	1
輻射熱	1
教育	1
過剰	1
近隣	1
論文	66
ゴジック	2
且	11
シャクリ	3
年間	6
乃	1
っ放し	2
後半	2
公	4
忠義	6
予断	1
尖端	7
鯨	1
法律	17
キチガイスジ	1
プーッ	1
後世	2
肖像	10
早わかり	1
堤	1
徒	1
元年	1
囃	1
ヤミ	1
クッキリ	3
試し	1
シャーロック	1
間隔	2
えん	3
縺	1
換	4
パノラマ	1
血相	2
凹字	2
すみ	2
労	1
斎戒	1
婦女子	1
賞	3
底抜け	2
板の間	1
縞	2
記憶	208
遺言	51
ヘタ	1
構	2
いかり	1
大寒	2
諷刺	1
骨格	3
楽	6
呪法	1
よろい	1
舌なめずり	1
未知	2
生命	51
ダーウィン	2
田地	1
唱歌	2
貴重	9
領有	1
釈迦牟尼	1
ワナワナブルブル	1
淫仙	7
活溌	2
成功	9
オノ	1
色彩	3
燭台	2
眼光	2
そっけ	1
会	9
櫛巻	1
執刀	2
しゅつ	1
はじ	3
浅田	3
方法	36
お嬢さん	6
溺死	5
マヤ	1
わたしゃ	1
武器	2
綟	1
海水	1
倫	4
鬼畜	1
旅宿	2
河童	1
起原	1
痕跡	20
フッツリ	1
幻	7
王冠	4
術語	1
三拝九拝	1
正反対	16
徹底的	17
綴	7
掛軸	3
おこた	1
不意打ち	1
2007	1
小手調べ	2
呆け	1
数多	1
名文	2
ゼゼ	1
そのもの	22
トテモ	36
比	2
途方	9
始末	4
芳香	3
こざとへん	1
確認	6
奴僕	2
隠れ家	3
むちゅうゆうこう	3
カラ	3
遺跡	7
泰斗	1
地理	1
不如帰	1
仕掛け	1
オッカナイ	1
罰当り	1
ポスト	3
矯正	1
コン	1
拙者	1
痕	5
賢	1
我家	1
伸び	1
心配	30
ボ	9
知ったか振り	1
鰐	2
真諦	1
白布	1
下役	1
あいま	2
脳	4
ウカ	1
歓興	1
仏道	1
水晶	3
口説	2
きだ	3
難解	3
内職	1
あの世	1
響き	1
無定見	1
小柄	2
棄	1
靴	6
日	134
寝食	1
ダア	2
急迫	1
脅威	2
英国	1
Ｉ	1
焼死	3
矢	20
連	13
巨人	5
ドコドコ	2
蜀	1
兇徴	1
浴場	2
文科	3
朝露	1
読経	2
意味	66
慰安	1
千差万別	1
かりょう	1
もみ	1
揚	5
総長	20
物事	3
反省	1
幾日	1
やを	1
時折	2
ツルリ	1
淵叢	1
津川	1
真中	5
父母	2
天籟	1
就任	2
処分	3
見舞い	1
大船	1
弾力	2
ほのか	4
ニシテコノ	1
厭人	1
祝言	2
和紙	1
恟々	1
科学	268
常軌	2
表明	2
ステトスコープ	5
傲然	1
惰力	2
組織	7
直截	1
義務	5
奮然	1
跟随	2
有	11
酔漢	1
頭蓋	1
ゾッコン	1
フフン	1
窓側	1
四	119
同窓	3
アラレヌ	1
富裕	2
出世	4
雷山	2
剛	3
娑婆	4
ビク	3
下降	1
ばり	1
抜群	1
勇敢	2
卍巴	1
眼界	2
ょくすい	1
確乎	2
ます	3
彩色	1
半日	1
ひご	2
オッソロシイ	1
上品	9
天女	1
たくみ	1
建立	2
眉	17
満座	1
該博	1
宗	24
滑稽	2
漁村	2
あぐら	1
内分泌	1
条件	5
ミジメ	7
理屈	16
入歯	1
幾つ	2
楕円	1
軌道	4
冒頭	4
剣呑	2
吸引	1
無名	2
誇張	2
ゅうゆう	1
一部分	6
彼女	47
主人	9
失格	1
児	37
滔々	1
堅実	1
階	19
前身	4
考証	1
駒沢	3
逆転	1
船	9
電柱	2
成績	10
詐術	1
初出	1
ドン底	27
喚起	3
掌握	3
一身上	1
香具師	1
添乳	1
共鳴	7
てん	9
引渡	1
禽妖	1
げんこつ	2
洽	3
覆滅	2
ブッ	5
純粋	5
狸穴	5
心底	1
冷血	5
フイッ	2
縁取	1
休暇	2
そくぶん	1
直立	1
姑	1
的確	6
冊	7
スペンサー	1
フィルム	10
乎	2
身神	2
歩き	1
母御	1
機械	2
当て	11
揮毫	1
刀	9
むと	13
嘘	22
八景	1
祓	2
命名	2
ゴト	2
みじめ	2
講談	1
ざじょう	1
かったつ	1
最終	6
エロ	3
周知	1
丸山	1
うつつ	4
い草	3
ちか	2
青黛	3
安置	2
美酒	1
元来	15
花	21
九	40
欠点	1
畜生	8
とげ	1
可憐	6
肘	1
旅立ち	1
くり	10
任	2
一大	14
女出入り	1
法則	7
苦痛	6
ラムカ	1
コッタイ	2
病態	1
私的	2
基礎	6
ブウンンン	1
人目	1
身もだえ	1
シャアシャア	1
使い方	3
社交	3
憂慮	1
伺い	3
腸	4
謝礼	1
アット	1
望遠鏡	1
案じ	1
くさり	1
真赤	9
ヘエイ	1
自転車	4
唖然	6
蒸発	2
泥土	1
展開	7
無	1
云々	20
勘弁	1
尽き	1
試験管	2
下絵	1
かづ	1
夜具	2
高らか	1
手短	1
むず	2
切実	2
個人	15
ソモソモ	8
徘徊	1
再現	10
漢	2
最上	3
内地	3
敏活	6
半	5
おうむ	1
大根	1
とき	5
発動	3
軽視	1
以上	81
二の腕	2
正当	2
稼ぎ	1
固形	2
コート	1
一髪	1
一泊	1
思春	1
惘	1
暖炉	11
厘	5
冊子	2
念仏	6
悠々自適	1
凝然	5
キチガイ	113
考え方	7
和尚	11
洋行	1
摘出	2
焦燥	6
手前	2
ドエラサ	1
クリーム	1
眉間	4
ホーソン	1
官製	1
後生	6
大手	1
風情	2
後先	1
差	8
引越し	1
スタート	1
学理	28
げんか	2
衛生	2
ゅういちじょう	1
きゃしゃ	2
先祖	52
敬服	1
散在	3
厨子	1
臓腑	5
絶体絶命	2
花畑	1
アンポンタン	4
手軽	1
毛唐	3
奇術	1
板	8
文化	64
容積	1
五体	3
畢生	6
当該	5
むぎ	1
手応え	3
中	690
突飛	6
大差	1
アレ	3
死斑	2
気遣い	3
京洛	1
マトモ	1
叫び声	9
きょう	39
湧出	2
氾濫	1
横暴	1
げき	2
ホース	1
上部	2
誅	1
指示	4
竦	3
オカシナ	1
極	2
芬子	10
がれ	3
匹	6
情婦	2
掲示	1
竿頭	1
嘯	2
妖劇	1
差遣	1
詰	10
化	38
磨き	1
中気	9
ペン	14
白光	1
臍	1
替玉	1
一存	2
勝ち	2
芸者	1
入院	20
22	2
保証	2
懲	1
じゃがたら	1
家屋	2
人相	2
根性	1
日本人	9
絶叫	3
蝨	1
利己	1
イガ	1
生涯	28
信義	1
鉄製	2
咸供	1
長女	1
全力	8
スリ	2
水玉	1
港	2
余喘	1
往昔	3
ムニャムニャムニャムニャムニャ	1
入れ歯	1
装束	1
妻帯	1
忠君	5
五分	1
声	137
一刻	3
女性	16
モリモリモリ	1
警戒	8
ボーイ	1
畏敬	2
拍	1
至難	1
たけ	8
鼻眼鏡	19
出歯亀	1
邪悪	1
蠅	3
胴体	8
曾祖父	1
図	7
一念	9
柳樽	2
足元	2
アオ	1
昧爽	1
ゅう	9
介抱	15
修羅	1
啖呵	1
綿	5
記録	58
投げやり	1
街	2
維納	1
せっかい	1
見参	1
下記	1
ゅうげこう	1
衣	2
窒息	2
狂犬	1
情実	1
ナニイ	2
尊称	1
了	5
永年	2
じん	3
慥	6
刺繍	20
芳	6
シカゴ	2
転生	4
バイ	1
真黒	5
ゆき	1
自在	9
選挙	1
前奏	1
のろ	8
ココントコ	1
お世話	1
いちべつ	1
拍手	10
近所	4
腕立て	1
沙魚	1
サイレン	2
結論	14
嬶	3
機関	2
締	2
帰省	1
箸	1
鉢	5
牧場	1
排斥	1
寝室	1
留守番	3
濶達	1
録	3
閑却	1
狂人	101
天候	2
微か	1
ょうごん	1
ベタリ	1
手術	4
酸	1
一夜	2
手遅れ	1
亭	2
一同	3
証	1
たて	1
妖美	1
同人	14
剌	2
八犬伝	1
石切	1
こまち	1
退院	9
唯物	44
ジーッ	1
序	17
宣言	6
感激	12
集	2
工場	3
考	3
人非人	1
無事	10
遊離	8
折目	2
事項	4
素性	2
少年	54
附会	1
おくら	3
ラムネ	2
晶	1
ヨロメキ	1
形勢	1
保育	1
エエ	5
半襟	1
英語	2
空拳	1
一糸	1
寝台	31
欠伸	10
草履	2
ナニナニ	1
喪	8
外来	1
禄	5
真面目	9
一心不乱	5
出来上り	1
チニ	1
ウニ	1
因幡	1
洋服	3
範囲	8
84	3
転変	2
賢人	1
万年筆	2
地境	1
エエッ	1
適応	1
厭	4
ケロリン	1
ゃった	3
はげ	8
なまり	1
大衆	3
駄目	10
コイル	3
規約	13
半年	5
隠し立て	1
おくび	1
ミス	2
捨場	1
光	7
世の常	1
太白	4
踏反	1
格言	1
遠く	5
充実	3
磔刑	1
奥さん	1
お力	2
索	4
剥出	1
10	2
赤	39
証跡	12
たぐい	1
善悪	2
激情	1
失礼	7
症状	3
混入	1
暮	6
なお	1
きば	1
ゾーッ	2
アウトライン	1
経験	14
鴨居	1
揚子江	1
靴下	2
人気	3
安全	9
料理	3
昔馴染	1
支	4
成	3
お預け	1
飄然	2
仕打ち	1
ロボット	1
水茶屋	2
————————————————————	3
不治	1
印	4
風物	3
ムゴタラシサ	1
大字	1
伝い	6
夷	2
軍平	1
気持	63
牧師	4
突起	1
ゴトーン	1
抑圧	3
悪戯	5
こう	1
瞬き	2
お母様	2
埃	8
諸君	86
フウラリフウラリ	2
直方	28
純情	4
蝋燭	11
ドシン	2
即死	1
ヤタラ	3
陶酔	2
酣	1
遊	21
ししゅう	2
逆襲	5
寒暖計	3
木の根	1
日課	1
見識	1
対	2
表口	1
校	1
カラー	1
近く	26
主観	9
シガナイ	1
メチャメチャ	5
団	1
不祥	2
インタロゲーションマーク	4
悪事	2
時機	4
しっか	4
負け	3
ペラ	1
長大息	2
隅々	8
位	113
泣伏	1
スベキハ	1
膨	2
北側	4
手玉	1
野菜	4
情熱	1
棒立ち	1
ごろ	2
小児	11
粋	3
官費	1
墓所	3
乗	2
パリー	1
ネル	1
帳	3
かくらん	1
擡	3
循環	1
屈	9
右	55
容	1
保存	3
伯	1
鎮静	2
方針	7
渡し	1
同性	3
仏陀	1
歎美	3
文体	2
民権	2
一宇	2
古蹟	1
既婚	1
校長	2
少時	1
無慈悲	2
エレファス	1
ほうこう	1
土中	1
低頭	1
筋違い	2
該	5
純真	5
愛	14
淘汰	4
無力	4
プロット	2
響	5
サテ	18
倆	2
便所	3
くに	5
三角	1
認識	2
墨色	1
輪袈裟	1
ユルリユルリ	1
翌日	9
景勝	1
訊	4
以	8
譬	2
抱擁	1
技	1
1	24
くし	7
ハイハイ	1
ダンダラ	1
無二無三	1
土百姓	1
十字架	2
代り	26
捜索	10
裸身	1
業報	2
アヤツリ	1
禿	1
即決	1
いつか	4
楊国	2
腰弁	1
アングリ	3
見かけ	7
居間	1
世の中	5
よ	3
座り	1
本源	7
亭主	2
性癖	2
考え	21
錠	1
胸壁	1
欲求	6
むばかりなりしを	1
コウモリ	1
歪	2
虞	7
醒	5
犠牲	17
遍	18
イロ	1
ふところ	8
ミチ	1
切詰	1
窓際	3
わる	7
苦悩	1
毒害	1
稀代	3
当年	2
仕舞	2
概念的	1
金具	2
膳	3
判然	9
兎	4
本文	6
トピック	1
動作	4
忍耐	2
木戸	1
シコタマ	1
一部	7
咄嵯	1
知識	29
連続	7
亜米利加	4
堂上	1
ザラリ	1
令夫人	1
帰り	12
予	1
ぎょうぼう	1
故事	1
コンニャク	1
縁日	1
応答	1
不快	1
厂	1
冗談	6
箭	1
利得	2
浮游	4
ぎになって	1
百姓	5
撃破	1
氏名	1
更	3
設計	2
姿勢	5
市中	1
アタマ	33
ぐくしの	1
ばく	3
陣	1
薪炭	1
買物	1
最初	66
故意	5
イタル	1
跳廻	1
ろうそく	2
口実	2
歯ブラシ	1
小学	2
監禁	4
大好き	3
新陳代謝	1
うそ	5
犯人	82
踪跡	1
ホット	1
乾燥	2
べた	3
発表	50
刑事	4
プロパガンダ	1
紅	7
刃	7
吉塚	1
呼び声	1
０	2
戸棚	8
4	5
後引き	1
ノックアウト	1
七夕	1
個月	9
りかん	1
進化	52
呑込み	2
チリ	7
仏蘭西	2
たあい	1
風邪	1
真理	9
群れ	6
用意	4
となり	2
大勢	15
超人	1
舞鶴	1
寄せ	2
断腸	1
平手	3
ふた	7
非常識	6
市役所	1
向け	1
指物屋	1
セダン	1
出血	3
眸	1
講演	1
てなし	1
上京	1
手続	1
たよ	7
歯	27
ユスブリ	1
スワ	1
クリコミ	1
奮	1
つた	1
熱情	1
ょ	10
虚像	1
ドット	1
今朝	65
ぐら	3
編輯	2
上段	1
音響	13
浮出	3
偶	1
脇	1
ブ	7
先刻	23
歴々	3
集中	8
ヤリキレナイ	1
ギシリ	1
テモ	1
アハアハ	1
言責	1
しら	11
遥か	11
電話	13
貯金	2
物理	5
三味線	2
学業	3
左端	2
こざ	1
グロ	3
レバ	2
かなり	2
此儀	1
渦	1
ベッド	2
りか	6
惑	2
候	39
莞爾	1
元	13
ニコチン	1
ムベカラズ	2
ニヨリテ	1
屈指	1
仕入れ	1
店	4
大笑い	3
林	2
荼毘	1
しかん	2
いちょう	1
夏	2
ドッコイショ	1
重	41
ちゅうちょ	2
卵色	1
モーニングコート	1
俘虜	1
こぼれ	1
開き	1
描写	4
インチキ	2
心安立て	1
救援	1
馬出	1
刑罰	1
量	4
プラテノドン	2
寂	1
長	16
彼奴	33
もうしわけ	4
新規	1
小僧	1
カード	1
笛	1
結び目	5
一行	3
感傷	2
羽虫	1
爽快	1
弁護士	1
うぶ	1
細心	1
汗	28
ガサガサ	2
幸福	11
あっけ	2
かしく	1
甘受	2
楊貴妃	10
土台	1
連累	1
建	4
恩	3
うっかり	2
自滅	2
チョイト	2
アホラシク	1
便宜	2
ドレカ	1
几帳	1
死物狂い	3
殆	5
一わたり	1
斯	13
夜中	2
一筋縄	1
非難	1
縦	8
胃袋	6
隔世	1
熱弁	1
遠廻し	1
帰宅	1
部	18
玄関払い	1
ガアン	1
キング・オブ・キングス	1
絡	5
ぐとその	1
ばば	2
鎧戸	1
半開	1
両手	89
覚え	2
アハハハハハハ	2
又聞き	1
聯想	11
落し	2
ロンチェニー	1
吸入	1
緑色	13
お釈迦	1
筋肉	7
今しがた	16
つもり	29
謂	63
かん	47
会議	3
まち	7
血潮	1
刃先	2
屍骸	1
匂い	8
カラリ	1
変り	6
ニッケル	1
輾転	3
器物	1
監視	4
枚	39
煖炉	1
きた	14
眼球	4
めど	1
引卸	2
語	9
魚	14
複合	1
ナルベシ	1
とりの	2
三	209
ふう	13
卑	1
ょがっぺき	1
両	2
急所	2
大悲	1
予知	2
可	7
イクラ	15
棒切れ	2
気分	15
手順	5
構造	3
ドッチ	8
鼻毛	1
截	7
細胞	121
アンナ・パブロワ	1
落下	1
軽便鉄道	1
真個	2
損害	1
遂	31
体裁	3
水薬	1
スッパ	1
好き	16
人達	6
遊戯	3
峨々	1
流浪	2
焼	7
生前	3
むな	1
一声	1
忠	2
合間	2
前世	1
理髪	8
昨日	34
格別	6
寝言	1
エヘン	6
念頭	1
号泣	1
シノ	7
ドキドキ	4
血の池	1
着任	3
類似	5
オタマジャクシ	1
高熱	1
官	3
暴言	1
朗読	1
あなた	52
タマガッタガ	1
透過	1
ヒュ	1
交響楽	2
びて	2
本名	1
残存	5
九州帝国大学精神病科本館裏手	1
存在	45
悶	4
式場	1
賄賂	1
長所	1
視神経	1
劃	18
曾	6
場内	16
ぱた	1
隈	5
切腹	1
さき	10
境界	3
世代	1
夜店	1
無罪	2
切々	1
詐欺	2
浪花節	1
過般	1
板戸	3
バラ	1
スイッチ	9
手当	3
火焔	3
鼓動	3
関節	2
一間	2
有頂天	1
むとした	1
直面	6
天分	1
胎内	16
ソレア	1
答	2
肺炎	1
孤独	1
真犯人	4
前置き	1
既	2
ナリトハ	1
上げ下げ	1
鼓膜	1
ブウウ	3
九州	29
大体	6
ロシヤ	1
三日月	2
ソンナ	23
問わず語り	1
〇	8
ぜんそく	2
独立	1
お家	7
情景	2
第一人者	1
おれ	3
凩	1
彼	64
赤裸々	1
げん	12
痩	2
赤井	1
明言	2
ベル	2
そ	59
成長	4
着眼	2
遺棄	2
どん	4
三太郎	1
道	22
警察	29
パタン	2
女優	2
理性	2
底	53
凡	4
抽斗	3
ヤットコサ	2
アーッハッハッハッハッ	1
神社	2
了解	1
加害	6
さん	147
なあに	1
鉄筋	1
後輩	1
地蔵	1
松蝉	1
跟	2
天外	1
パイ	42
著	2
猿	8
構内	3
ＭＡＳＡＲＫＥＹ	2
彼方	1
表装	6
僅か	10
界	17
長針	1
有無	4
ィ	1
湯槽	1
平伏	1
怪談	7
おととし	1
音信	1
約束	14
合	11
入	3
見込	3
しんぼう	1
配列	1
背中	15
ぎまわっても	1
獅子	1
藉	1
引剥	1
実況	4
禁	3
鞍手	1
煤煙	2
螢	1
はずみ	1
叮嚀	16
字典	1
ゆうべ	5
教	6
オイデオイデ	1
散見	1
詠	2
苛責	9
袖無	1
あたい	2
置手紙	1
倖	1
中央	26
2	3
左利き	3
墜落	2
這	6
脂	1
尋常	10
海	15
霊長	4
相対	1
中洲	1
くど	2
こがね	1
一任	1
トテ	5
国文学	1
成分	1
落籍	1
唇	57
代表	9
筋	10
厄	2
ほくろ	1
懇	1
むろみがわ	2
イヤ	35
趣味	12
機能	23
ダン	6
挙動	4
迷乱	1
ゼスチュア	1
ロマンス	1
抗	6
ひじ	3
如	3
2011	1
非道	23
会社	5
真空	2
稼業	1
老師	1
鉦	1
嗅	7
ハ	13
売	2
枯枝	1
谷	7
流転	2
後姿	1
夢野	2
注射	7
慾望	7
いがぐり	2
伝統	2
りっしんべん	1
2002	1
事件	247
リノリウム	6
史	4
翔破	1
25	1
波瀾	2
ズ	1
勿	3
双生児	8
待	1
腹の中	4
シチー	3
証文	1
日の出	1
てんてん	3
状	1
只	13
立	51
敷石	2
銀時計	3
羅紗紙	2
真昼	2
だいし	1
切り上げ	1
はるよ	1
恋敵	1
ガクガク	2
わけ	24
鉄道	2
せいや	1
カチ	1
下げ	65
気	163
用	24
輪廓	2
旅行	6
マイクロ	1
殿堂	1
枯葉	1
イイエイイエ	1
俗語	1
落胆	1
免状	1
対座	1
落多	1
白状	5
支配	37
取り違え	1
平凡	4
不可	6
書換え	1
放神	2
森閑	3
もち	9
好成績	1
茫然	8
一方	17
口伝	1
棟	2
級	1
慾	20
蜥蜴	4
忽然	3
お釈迦様	1
ハタイタ	1
それぞれ	10
武官	1
摂理	1
放散	1
保留	1
防寒	1
主題	5
忙	6
浅学	1
勇気	6
茶碗	1
当	2
下	128
キナ	1
足がかり	1
態	2
芯	1
報	6
ならく	2
性分	3
匂やか	1
残念	4
からかい	1
濛々	2
解消	1
制御	1
立派	22
器用	1
故殺	1
明晰	7
標札	2
盲人	2
手袋	7
怨敵	4
お産	1
虚構	3
診察	33
ヘン	1
偶然	9
裁判官	1
矛盾	10
新郎	3
遠距離	1
切れ切れ	7
瀕死	3
流行	15
マッタク	9
振袖	5
蓄音機	1
濡れ	1
発生	10
闘い	4
のこぎり	1
皺	9
姉	24
自演	1
仕儀	1
奥付	2
毒	9
くらげ	1
筆跡	1
布団	1
妻女	3
清流	1
櫛	8
キラク	1
叩	1
太刀	1
句読	1
悪銭	1
五行	1
会釈	1
ベルリン	1
一筋	3
あや	2
秘史	1
オイオイ	1
ドンナ	45
何方	1
満足	19
軒	4
明り	2
伽藍	3
痣	1
物音	11
公式	2
盃	5
追求	6
敬神	1
床	46
美事	9
性質	11
四方八方	3
錯誤	3
蒐	1
顧	3
用心	4
局	21
広告	5
消毒	1
活力	1
白髪染	1
欧	4
万劫	1
カイモク	1
さっこう	1
カイゼル	1
不知	2
墓参	1
晴朗	1
強烈	14
夜毎	2
たま	40
お話	36
環境	4
千古	2
賜	5
侍立	1
ヒドイホコリ	1
54	3
お引受け	2
茄子	2
侍女	1
ゆかり	1
一文	1
鬱積	2
押付	1
ウスウス	5
とど	17
とわ	1
8	1
円満	3
スクリーン	10
押	4
樹	10
行衛	34
無し	6
人前	3
進行	13
合鍵	1
吾輩	341
太	3
境地	1
黒田	3
習性	4
闘争	3
エナメル	1
怒号	1
本社	1
横	60
上戸	5
腰部	1
誤認	1
馴	1
タタイ	1
真実	44
酒杯	1
気質	5
防遏	1
向	14
早く	1
品物	24
道人	1
瓜	7
紺	1
解剖	79
ダイブ	1
本尊	24
分別	2
図星	2
恥	9
対象	6
奈落	4
たまえ	4
ストーリー	1
シキリ	1
狡猾	1
藻	14
若林	346
ゴホンゴホン	3
俗体	1
ライ	1
罫	7
御覧	73
塞	9
奇蹟	5
晩年	1
支持	1
よもやま	1
通信	1
滴	10
一切	70
自由自在	9
ダラケ	1
オンナジ	1
増大	3
コッチ	1
コレコレ	3
一笑	1
袷	1
隠忍	1
叱咤	1
グザグザ	1
頑丈	3
情慾	2
肺臓	5
乙女	2
キリ	1
砕	1
一団	4
宣	1
レコード	1
品性	1
スゴイ	6
ノッブ	2
否決	1
偶像	1
半ば	3
猛烈	3
胡麻	1
高枕	1
圧搾	1
加勢	1
据	5
夜半	4
口中	3
雁	1
虹	45
じゅばん	1
開山	4
検査	14
自宅	12
心持	2
配合	3
不覚	3
各項	4
気風	2
静けさ	4
血の気	4
字体	2
磨	8
黄金	5
紋服	1
頒	3
蝶	1
漫画	2
脂粉	1
ひとり	8
まこと	4
耄衰	1
ダシヌケ	2
賛成	3
若返り	1
ナル	6
ナイフ	1
京屋	1
むとする	2
魚類	1
かよ	3
同大	1
ろ	93
宇宙	18
黴毒	2
75	1
暗転	4
胸騒ぎ	2
じじん	1
まっただなか	1
gr	1
刈	3
見返り	2
五右衛門	2
造り	1
養分	1
草花	1
栃木	1
重複	1
猛火	1
兇行	12
得意	10
きわみ	1
環視	1
地獄	126
そんじょそこら	1
担	6
擬生	2
鍾愛	1
荷	2
次	51
余談	3
内輪	1
棚	7
石	35
転化	1
氷解	4
暴動	2
行く末	2
寝巻	2
あざやか	1
妓楼	1
明瞭	21
チンバ	1
はたらき	1
ジェリー	1
後釜	1
網	7
一分一厘	6
眼目	2
ぎないのじゃないかしらん	1
英和	1
廻転	29
入学	6
ズッ	4
エロチック	1
自信	3
［＃「【	1
シテソノ	1
吹	3
論告	1
断言	15
いが	3
シッ	1
トント	4
正気	27
ニジリ	2
ふみ	1
スピード	5
ヒポマニー	1
岩	6
チョン	1
太郎	17
真相	47
半開き	2
唯一	20
新興	1
報い	2
日暮れ	2
戞矢	1
傾き	1
距	2
底光り	1
ボンボン	2
お辞儀	9
捨児	1
正式	1
たこ	2
王子	1
お客	1
町人	1
眩暈	1
致し方	1
きりなし	2
順良	1
球	12
火薬	2
遊行	101
べらぼう	3
褶痕	1
威儀	1
スジ	1
スッ	2
開設	6
破棄	1
此灰	1
大切	25
殺し合い	1
ジタル	2
憧憬	2
どうし	1
師	14
週	3
香油	2
寄	1
推知	1
チチチチチチチ	1
優美	2
コキ	2
草稿	1
すか	4
壮年	1
鋸歯	1
ピョッピョッピョッピョッ	2
ムクジャラ	3
中世	1
六字の名号	1
怪奇	24
内部	15
着心地	1
浮	4
ハンケチ	2
錯乱	2
卒倒	2
海原	1
インキ	8
ベキ	1
率直	2
晨	1
送仮名	1
顔	253
引伸し	1
縊	4
オホホホホホホホホホ	1
助手	3
白人	1
黒焼	1
傍観	1
びひ	1
写し	5
単細胞動物	1
なす事	1
毬	1
庭付き	1
平成	2
称	4
格闘	1
帳面	4
しぼ	2
熱病	1
松浦	1
://	1
いち	4
繙	1
たなご	1
タイトル	1
後任	4
横顔	8
提	3
頗	16
ゆうじ	1
パテント	1
卸	7
帰朝	8
讐敵	3
そうかん	1
家財	1
クルクルクル	1
0213	1
いき	9
正木	481
やみ	7
正統	1
結合	1
デリケート	7
家相	1
印画	1
悪寒	1
明らか	18
審査	2
直前	3
ブラリブラリ	1
臆病者	2
不都合	1
一昨日	3
ヘヘヘヘヘ	1
暗黙	1
羅	4
滅多	5
万古	1
仄	1
引受	3
鉄砲	1
族	2
一句	8
方丈	4
衆目	1
従来	15
展覧	2
正義	9
急ぎ	1
生殖	2
細	5
今回	3
局面	1
島田	1
素肌	1
ゾッ	2
外部	2
半紙	4
ぱ	5
あだな	2
鎖	7
独り	3
詳細	12
房	8
嬢	7
塾生	7
雲井	7
急停車	1
ノタ	2
不可解	16
尊	4
巧妙	14
苛	4
ょげつじ	6
押領	1
鳥	12
小腸	2
親父	1
如上	7
漢文	7
掛け値	1
時人	1
籐椅子	8
必然	12
ゃせんり	1
芸術	22
舞台	1
入口	34
ガタガタ	4
御免	8
他事	3
悲しみ	4
講義	9
泣虫	1
認め	1
下着	1
慇懃	1
西海	2
往来	14
結婚	10
親類	2
機嫌	5
備考	14
学識	3
詳論	1
一様	1
何より	1
鳴動	1
とっぴょうし	1
気味	29
火星	3
不動	1
母校	2
1992	1
満面	2
集積	4
脚下	1
とっさ	1
系図	3
お腹	3
不文	1
停頓	1
チョイチョイチョイ	1
陀仏	1
後代	1
享楽	1
況	22
イロハ	2
沙汰	5
午睡	2
素質	3
絹布	1
むっつ	1
親切気	1
焚殺	7
長者	3
痴	2
バタ	3
改造	3
様々	14
麦	2
風上	1
挿入	6
むつみ	1
笠	3
村人	1
命令	6
けいと	2
無期	2
腺	1
アダム	1
毫	1
事後	1
菩薩	1
暮れ	1
りょう	8
ハハハハハハハ	4
カタマリ	1
法華経	1
処	223
雑談	1
むばかりの	1
フーン	3
馬	9
突込	10
遠方	3
附則	2
び	34
字詰め	3
症	11
アメリカ	5
とんま	1
交錯	1
禁制	1
ちゃ	1
変	21
当日	9
株	1
トノ	1
珠玉	2
電子	1
底本	5
柱時計	1
すこやか	1
へん	5
マリヤ	1
眼底	1
/）	1
ふさ	14
有史	3
白骨	14
山師	1
此身	1
げんこ	2
本場	3
倫理	1
斑	4
貸家	1
臨機応変	1
遊び	1
座敷牢	3
オーイ	1
手本	1
あべこべ	2
粒	45
篦棒	3
豪気	1
童貞	5
別離	1
亥	1
顔付き	8
直ぐ	7
銀翼	1
親代り	1
ょぜ	1
万頃	1
先輩	1
類例	4
目	43
内科	7
ゅ	6
自ら	9
護身	1
階梯	1
姉さん	19
肩	26
首尾	6
葬儀	1
ハジ	1
お許し	2
鳴り	2
出会い頭	1
けが	6
新設	1
犇	1
人士	1
学才	1
かいわい	2
なか	12
堂	1
若者	2
カポ	2
而	25
魔窟	1
糊付け	1
賽銭	1
曲線	3
鍛	1
直角	2
藹	1
アッハッハッハッハッハッハッハッ	1
長谷川	1
髄	2
傍ら	1
おき	1
カシ	1
賊	2
雑言	1
藍色	1
まぶた	5
風	82
回転	10
むるものがありました	1
獄	1
轟然	1
老年	1
もめん	1
遇	1
テーマ	7
八	108
＝＝［＃「＝＝＝	1
大千世界	1
トスベキモノアリ	1
前段	1
大声	5
台所	5
面白	2
標本	22
眼科	3
りこ	6
アカア	1
後段	5
頂戴	7
浅黄	3
仲間	11
ずみ	2
玄	18
同月	4
純潔	1
名状	1
まわり	25
咽頭	3
位牌	2
強敵	3
不可能	12
波打	1
轢	1
五臓六腑	2
協力	3
冷え	1
ペロペロ	1
小癪	1
ヂンマリ	1
真夜中	7
頒布	1
正午	10
技師	1
毎晩	1
蒼	2
習癖	1
冷え冷え	1
ゴロリ	3
道程	3
会話	2
錫	1
熄	2
危く	1
咽喉	5
弱点	7
兇器	2
心境	2
国道	3
しんたん	1
草分け	1
耳	62
木造	2
京都	2
じゅず	2
ブーンンン	1
友人	4
ドグラマグラ	1
者	404
収容	13
因縁	31
乱暴	9
粉微塵	2
フンワリ	1
気取り	2
橋	5
風説	1
辞職	4
脚	3
末	7
ブレーキ	1
びごえ	1
祈り	1
臙脂	2
病床	2
生年月日	1
どおり	1
入場	1
かま	6
はんこん	1
絶無	3
驪山	1
太鼓	3
応揚	1
庇	1
尋常一様	3
成立	2
絵巻	1
暁	10
受持	5
煩	2
クラバアツ	1
低級	6
勃発	12
つげ	1
松林	2
だい	39
オエライ	1
始め	1
略説	1
祝	1
５	19
饒舌	3
モシ	1
意識	119
ヤハリ	1
ほうふつ	1
清冽	1
ページ	17
万象	2
毛布	2
濶	6
づ	4
不即不離	1
羊羹	1
親しみ	2
アッハッハッハッハッハッハッ	1
ひより	3
おととい	3
両様	1
醜男	1
パッタリ	3
調和	3
とも	5
気息	2
頻々	1
ホラ	2
真逆様	1
落付	1
お召	1
真青	7
ごころ	2
美的	2
附記	3
恥骨	2
あゆ	1
嘆美	1
消防	2
鼻	58
何事	18
いか	8
縁	14
推薦	2
士	5
はいかい	1
周到	6
チャカチャカポコポコポコポコチャカチャカポコポコ	1
吸収	2
平均	1
ぶん	2
模擬	1
幽界	1
月	18
双方	5
新案	2
タダ	1
マクリ	2
やわ	2
ば	22
余興	2
このみ	1
つづり	1
嘖々	1
喜怒哀楽	1
縁組	1
小店	1
ヤリ	13
気心	1
出勤	1
ウフン	2
叟笑	1
アハハハハハハハ	2
マン	7
エッキス	1
ゆんべ	1
分割	1
川竹	1
此地	2
分析	8
仏閣	2
チウ	1
類	16
住居	5
こうこ	7
命日	3
衛門	3
健忘症	2
ぐりめぐらみ	1
閉口	1
堅	2
訂正	4
主婦	1
ホヤ	1
コトコトコトコト	1
傍点	98
スコッチ	1
ドッカリ	3
蛭	1
ニセ	1
荒唐無稽	1
うち	337
配布	3
あらた	7
親子	7
忰	2
銭	5
世論	1
寒気	1
疲労	22
足下	4
ゴミ	4
守り本尊	1
ホガラカ	2
仏罰	2
腹部	6
引付け	1
経緯	1
無責任	1
艶	3
障子	2
日曜	1
安居	1
肢体	1
何者	27
刺戟	43
斫	1
風雨	1
新婚	7
飾り	2
肯定	1
鼻紙	3
例外	2
談義	2
お上	3
孔	1
側近	3
天人	2
片端	7
あま	6
換玉	1
曖気	1
ハンカチ	23
横行	3
告白	17
着	9
角帽	6
系統	15
宝物	3
アルコール	7
（［＃	1
風貌	2
不用	1
感	20
中流	1
移り	4
久地	1
聴神経	1
紳士	28
さかい	1
浴室	1
懐中時計	3
じゅう	13
悲喜劇	3
貝類	2
割合	6
扶	2
そく	3
物色	1
背景	3
消耗	1
事変	4
激化	1
服従	1
すそ	1
垂下	1
平常	1
一昨年	1
しばかり	2
聯	2
山高	1
最高潮	7
不正	3
鴻恩	1
86	1
袖口	1
繊細	3
竹	20
作者	4
細菌	4
歯噛み	1
保有	2
憤懣	1
艱難	2
かまち	2
色男	1
力一	1
しま	36
つぶつぶ	1
オビビ	1
誘惑	2
顔負け	1
晴	9
奉仕	3
認印	1
号外	5
生身	1
解放	109
神様	13
頓	1
夙	2
スバラシイ	5
呼ばわり	1
仮定	1
満目	1
山門	2
底面	1
極上	1
公平	4
搾取	2
追究	1
お父さん	9
内的	1
お茶	7
兄貴	1
混凝	10
真横	1
流儀	2
淵	1
広大	3
ドコマデモオ	1
商	1
つなぎ	1
分の	10
堕在	1
九大	36
救済	3
一斉	9
じまい	1
獲得	1
此旨	1
践	1
想定	1
けた	11
片仮名	3
個性	2
確	2
青空	4
センセーション	2
明け暮れ	1
閣下	2
磊落	1
估券	1
予報	1
峯	1
礑	1
署名	1
翹望	1
放流	1
会見	2
あさひ	1
表面	41
役	11
九州帝国大学精神病学教室本館階上	1
鎬	2
少女	151
千羽鶴	1
天子	11
千世	5
独語	1
砂場	1
注目	1
発育	5
素直	1
其身	1
助教授	3
爵位	1
強味	1
成上	1
荒仕事	1
下し	1
几駅	1
仰向け	4
緻密	1
信念	2
ママ	2
重荷	1
29	1
ローマ	6
不法	1
証拠	49
教え	1
中日	1
ななめ	4
行跡	2
陰惨	1
推理	12
長流	1
細大	3
難事件	2
びがらす	1
尽	1
桐	10
却説	1
床板	1
間	177
編物	1
おまけ	11
じょじ	1
離脱	4
達磨	7
動植物	5
近来	1
銀	3
絶望	1
大部	2
シャッポ	5
シカケ	1
迫害	5
派	2
東北	1
影法師	3
検	6
瞑目	1
他日	2
充分	18
ノック	4
タタキ	38
兆	16
ひれ	4
身ぶるい	3
目標	4
混乱	1
ハハハ	2
勇	1
大見得	1
学校	33
諸氏	2
変形	8
新月	2
むるのみなる	1
殺生	1
ほか	104
網屋	1
聖徳太子	1
狂暴	1
事実	177
友禅	2
タント	1
捕獲	1
天皇	1
崇拝	1
家筋	2
同席	8
降り	1
かや	2
短冊	1
微苦笑	1
面目次第	1
ピシン	1
柔和	3
届	3
親展	1
敬	1
深入り	1
恋	12
跡取り	2
相談	3
セルロイド	1
六本松	2
揮発	1
ダマシ	1
花弁	3
ナルホド	6
姉妹	7
変型	1
冥福	2
頭脳	28
平和	3
たんか	1
手真似	2
皇帝	14
心持ち	15
お伴	1
表現	14
法螺	1
お先	1
深刻	64
名家	1
造物主	2
侍	2
今川	3
チョイチョイ	2
田野	1
実像	1
十二月	1
異状	41
クリーニング	1
アンバイ	2
赤面	12
大急ぎ	9
秘術	2
現	2
痛切	10
学位	9
——）	1
段々	2
パリ	2
語り	4
きんぱく	3
問答	2
緋縮緬	1
染料	1
ゃらず	1
遺子	1
婆さん	4
皮肉	15
計	7
米国	1
証明	27
コミ	2
料	1
無機物	1
果敢	5
途絶	1
如く	22
冷酷	4
唐詩	1
誘い	1
落ち	5
端	23
動き	5
医師	7
お気	7
勝利	5
声色	2
線香	1
宿直	2
イン	1
容器	5
大喝	5
えつ	1
拵	1
蓬莱	3
方	227
政府	10
絶縁	1
憂身	1
特許	2
カステーラ	2
不在	4
キリシタン	1
ぎだる	2
仇	5
渾身	1
クロ	1
貧道	3
掻	15
いす	4
同輩	2
苟	1
透かし	1
ゅす	1
寝しな	1
ぐろう	1
早朝	2
禁物	1
向き	10
母	80
無数	15
アア	3
害悪	1
ほうちゃく	1
性能	4
クタレ	1
奸	1
披	2
純忠	3
きち	14
同一	8
けっき	1
腰板	1
京師	3
旧態	2
帳消し	1
千変万化	6
集団	5
魔手	2
全般	2
けり	1
草色	2
うねり	2
ぴん	1
２	34
十月	23
胡麻塩	2
弁明	3
花形	1
にわとり	1
拝領	1
線路	2
径約	1
第三者	6
がらん	2
陽	3
急ぎ足	1
霊山	1
過去	106
上り	5
満腔	3
委細	1
地平線	1
タワケ	1
箇月	31
無情	3
負担	1
風格	1
腕	24
終	31
五言	1
柄	13
ゴー	1
今春	1
呆	4
自慢	2
同情	8
開巻	1
道場	2
カチッ	1
扨	15
器具	2
余命	3
日吉	1
遺骸	3
五郎	9
匆々	7
むひつ	1
アターッ	1
素手	1
接吻	2
螫	1
鱗	2
木枕	2
復	4
風姿	1
アッハッハッハッハッハッハッハッハッ	1
大騒ぎ	2
洞	2
そもそも	3
沈淪	1
一掃	1
ワッハッハッハッハッハッ	1
段取り	6
おやじ	3
再来	1
漸次	1
わせ	1
薄毛	1
芬夫	7
成果	1
知らん顔	2
銀色	6
恰好	30
きすう	2
差渡し	1
引取	5
天才	12
９	2
それら	3
前項	1
トック	1
行者	2
恩師	2
ベシ	2
所作	2
他	33
白熱	6
跳	1
千俵	1
カアカア	1
今一	4
幾夜	1
気色	2
太宰府	1
資格	6
犯行	15
スロープ	2
傷	5
投入	1
公衆	2
治癒	15
ざめかけて	1
明治	11
使命	2
フン	14
主唱	1
土俵際	1
一語	3
内側	9
旋回	1
口紅	4
烙傷	1
瀕	1
転換	1
い	135
御代	3
イグアノドン	1
あんばい	8
逆さ	3
びり	1
常	1
斜面	2
柔	4
気候	1
宣教師	1
悪化	1
日本橋	1
連日	1
指導	9
簡潔	1
思	3
環	1
真	9
忌	5
癸	1
本気	6
英雄	3
石切場	20
相対性原理	2
先頭	1
ナルガタメニ	1
分離	1
仙	10
愛想	2
多数	3
渦巻き	8
埋葬	1
茶瓶	1
福岡	58
縁側	7
家系	3
下向	1
楼	4
ここら	3
しっくい	1
燐光	4
衵浜	1
それ	578
堅固	3
破毀	1
ピルケ	1
障壁	1
ム	5
ギックリ	1
尻餅	5
不幸	4
主君	1
丈	8
人夫	1
博士	691
不品行	1
附近	15
拝聴	2
一心	2
初	3
石英	2
無理やり	3
吉	1
ンンンンン	1
めん	8
進歩	10
一滴	4
仔虫	1
声高	2
［＃	158
墓穴	2
背部	1
めのと	1
以外	46
結	6
軒下	2
艮	1
当代	1
実母	5
便り	1
小指	1
ゃってから	1
市内	2
マスク	1
モ	5
運行	1
尤も	6
欺瞞	2
不充分	1
長襦袢	2
つけ根	2
いふ	3
夜通し	1
諫	2
お株	1
額縁	2
せっぱ	1
不消化	1
義母	1
ワー	1
男性	2
手拭	3
娼妓	1
罪跡	2
筋書	3
香水	7
びらき	1
永	1
あごひげ	1
別々	5
土塀	1
繊維	1
たち	92
鶏	2
乙	2
法体	2
たんび	4
処女	5
篤学	2
厳命	2
起臥	1
解除	2
イイヤ	1
キタナラシサ	1
総	1
有り勝ち	2
冴	1
才智	1
ペンキ	6
生活	39
えさ	1
蘇生	4
びっくり	2
割り注	2
止め	2
幼少	1
罪人	5
爽	2
陰影	3
鑿痕	1
司直	1
恰	18
熱湯	2
景色	2
行き	2
瘢痕	1
掛り	1
毒物	3
火影	1
軽	1
異分子	1
逢魔	1
弔慰	1
睥睨	1
単身	2
かお	3
世界中	13
鞄	5
決心	15
メスメリズム	1
そん	7
不自然	14
チト	1
タ	1
せんせい	1
語勢	1
鮮魚	1
誘発	6
浜	8
掛金	1
行列	8
軒先	1
義烈	3
カ	1
コ	3
スースー	1
掛	1
統一	7
累々	1
遺書	3
不念	2
黒焼き	1
独逸	4
縦横	5
偕老同穴	1
下品	1
仄聞	1
脳髄	346
らん	12
退散	1
総身	1
耳鼻	3
打ち	3
西久保	1
ここ	300
だらけ	15
報道	2
弥勒菩薩	3
長刀	1
コロンブス	1
別人	6
こだま	2
平生	24
ピン	2
瓦斯	9
］［＃	1
自我	11
ロンドン	1
古今	18
終り	9
身代	4
女たらし	1
到達	2
二重瞼	2
囁	2
カンバス	3
彫刻	3
察知	4
天使	2
ナナ	2
僕達	1
田舎道	1
否や	2
音波	1
しょうにん	1
威厳	3
みや	3
まなこ	6
俗	4
附着	1
瓦解	1
守	1
津	1
ワインド・アップ	1
ヨオ	2
結果	69
階段	13
余り	10
旋転	1
破滅	2
衝突	7
囲み	3
重大	29
他界	1
代々	34
時半	6
かばん	3
浜町	2
下心	2
請求	1
便	7
老婆	3
啓	1
まつ	8
クドキ	1
濡衣	1
精通	1
本	48
華やか	2
法会	1
安穏	1
啼	4
長嘆	1
敬虔	1
場末	1
蒲団	1
波形	1
ゲナ	2
学説	21
身上	2
はきだめ	1
爪牙	2
べっぴん	5
シオラズトハ	1
手摺	4
碧	1
かな	15
ゅうきせる	1
麻痺	2
受	4
浮き浮き	1
定評	1
主旨	2
由来	21
宛名	1
鸚鵡	1
21	2
漬	2
意匠	1
戦闘	3
因	7
せいそ	1
悉皆屋	2
繋	4
同君	2
人道	2
興行	1
ャム	4
オヤオヤ	1
敏感	3
疲れ	3
ばなし	2
ばん	6
危	3
姦	2
貢物	1
左肩	1
垢	4
独言	6
物質	8
間接	4
毛筆	1
オイ	2
顳	1
コトリコトリ	2
煙管	2
木星	2
渇	3
払暁	2
メッキリ	1
あと	106
驚き	10
頁	17
地上	27
借家	2
はじめ	5
値段	1
頑味	1
詮方	2
跏趺	1
以内	1
ひとみ	1
兇悪	1
思召	5
ノモノニ	1
諭	2
帰り道	1
足取り	2
ポー	1
あたし	23
踵	3
剤	16
建て	1
田舎	3
緋	1
お守り	1
仕事	68
浪	2
充満	3
感嘆	2
ステップ	2
ウヨウヨ	1
合羽	1
ヨクヨク	1
貴女	6
案山子	1
作業	7
亜鉛	1
自動車	18
停車場	3
読誦	1
けっか	1
ゲンナリ	1
項	17
マジリ	1
軍機	1
舞	1
宅	1
大帝	1
薬液	1
状態	126
別個	2
一風	1
肝腎	3
爺さん	5
町並	1
さけ	2
裸像	1
手柄	2
あいつ	3
荒廃	1
倍	21
紫色	8
ッポ	1
◆［＃「◆	1
全盛	1
乳白色	1
手法	1
確か	16
照	25
スキー	1
後者	2
家中	5
随所	1
当初	9
批評	2
水族館	5
ポコチャカポコチャカ	1
塩分	1
御行	1
没落	1
神気	1
極点	2
ラ	1
次項	1
懼怖	1
》［＃	1
用語	1
探り	1
手近	1
中年	1
高岩	2
銀燭	1
簀子	1
作用	61
千葉	2
下手	2
生娘	2
aozora	1
